ID,Req. Timestamp,Resp. Timestamp,Method,URL,Code,Reason,RTT,Size Resp. Header,Size Resp. Body
9,Mon Nov 24 21:53:07 CET 2025,Mon Nov 24 21:53:07 CET 2025,GET,http://127.0.0.1:4000/graphql/query/1684762493378762033,404,Not Found,19,185,6700
11,Mon Nov 24 21:53:07 CET 2025,Mon Nov 24 21:53:07 CET 2025,POST,http://127.0.0.1:4000/graphql,200,OK,12,613,168
12,Mon Nov 24 21:53:07 CET 2025,Mon Nov 24 21:53:07 CET 2025,POST,http://127.0.0.1:4000/graphql,200,OK,8,612,94
13,Mon Nov 24 21:53:07 CET 2025,Mon Nov 24 21:53:07 CET 2025,POST,http://127.0.0.1:4000/graphql,200,OK,8,613,168
14,Mon Nov 24 21:53:07 CET 2025,Mon Nov 24 21:53:07 CET 2025,POST,http://127.0.0.1:4000/graphql,200,OK,8,612,97
15,Mon Nov 24 21:53:07 CET 2025,Mon Nov 24 21:53:07 CET 2025,POST,http://127.0.0.1:4000/graphql,200,OK,8,613,169
16,Mon Nov 24 21:53:07 CET 2025,Mon Nov 24 21:53:07 CET 2025,POST,http://127.0.0.1:4000/graphql,200,OK,7,612,94
17,Mon Nov 24 21:53:07 CET 2025,Mon Nov 24 21:53:07 CET 2025,POST,http://127.0.0.1:4000/graphql,200,OK,7,613,169
18,Mon Nov 24 21:53:07 CET 2025,Mon Nov 24 21:53:08 CET 2025,POST,http://127.0.0.1:4000/graphql,200,OK,7,612,94
19,Mon Nov 24 21:53:08 CET 2025,Mon Nov 24 21:53:08 CET 2025,POST,http://127.0.0.1:4000/graphql,200,OK,8,613,168
20,Mon Nov 24 21:53:08 CET 2025,Mon Nov 24 21:53:08 CET 2025,POST,http://127.0.0.1:4000/graphql,200,OK,8,613,168
21,Mon Nov 24 21:53:08 CET 2025,Mon Nov 24 21:53:08 CET 2025,POST,http://127.0.0.1:4000/graphql,200,OK,8,613,170
22,Mon Nov 24 21:53:08 CET 2025,Mon Nov 24 21:53:08 CET 2025,POST,http://127.0.0.1:4000/graphql,200,OK,8,613,170
23,Mon Nov 24 21:53:08 CET 2025,Mon Nov 24 21:53:08 CET 2025,POST,http://127.0.0.1:4000/graphql,200,OK,9,613,169
24,Mon Nov 24 21:53:08 CET 2025,Mon Nov 24 21:53:08 CET 2025,POST,http://127.0.0.1:4000/graphql,200,OK,8,613,169
25,Mon Nov 24 21:53:08 CET 2025,Mon Nov 24 21:53:08 CET 2025,POST,http://127.0.0.1:4000/graphql,200,OK,8,613,205
26,Mon Nov 24 21:53:08 CET 2025,Mon Nov 24 21:53:08 CET 2025,POST,http://127.0.0.1:4000/graphql,200,OK,8,613,174
27,Mon Nov 24 21:53:08 CET 2025,Mon Nov 24 21:53:08 CET 2025,POST,http://127.0.0.1:4000/graphql,200,OK,7,613,169
28,Mon Nov 24 21:53:08 CET 2025,Mon Nov 24 21:53:08 CET 2025,POST,http://127.0.0.1:4000/graphql,200,OK,7,613,169
29,Mon Nov 24 21:53:08 CET 2025,Mon Nov 24 21:53:08 CET 2025,POST,http://127.0.0.1:4000/graphql,200,OK,8,613,113
30,Mon Nov 24 21:53:08 CET 2025,Mon Nov 24 21:53:08 CET 2025,POST,http://127.0.0.1:4000/graphql,200,OK,8,612,96
31,Mon Nov 24 21:53:08 CET 2025,Mon Nov 24 21:53:08 CET 2025,POST,http://127.0.0.1:4000/graphql,200,OK,9,613,113
32,Mon Nov 24 21:53:08 CET 2025,Mon Nov 24 21:53:08 CET 2025,POST,http://127.0.0.1:4000/graphql,200,OK,8,612,99
33,Mon Nov 24 21:53:08 CET 2025,Mon Nov 24 21:53:08 CET 2025,POST,http://127.0.0.1:4000/graphql,200,OK,8,613,120
34,Mon Nov 24 21:53:08 CET 2025,Mon Nov 24 21:53:08 CET 2025,POST,http://127.0.0.1:4000/graphql,200,OK,9,612,96
35,Mon Nov 24 21:53:08 CET 2025,Mon Nov 24 21:53:08 CET 2025,POST,http://127.0.0.1:4000/graphql,200,OK,8,613,120
36,Mon Nov 24 21:53:08 CET 2025,Mon Nov 24 21:53:08 CET 2025,POST,http://127.0.0.1:4000/graphql,200,OK,7,612,96
37,Mon Nov 24 21:53:08 CET 2025,Mon Nov 24 21:53:08 CET 2025,POST,http://127.0.0.1:4000/graphql,200,OK,13,613,113
38,Mon Nov 24 21:53:08 CET 2025,Mon Nov 24 21:53:08 CET 2025,POST,http://127.0.0.1:4000/graphql,200,OK,8,613,113
39,Mon Nov 24 21:53:08 CET 2025,Mon Nov 24 21:53:08 CET 2025,POST,http://127.0.0.1:4000/graphql,200,OK,8,613,120
40,Mon Nov 24 21:53:08 CET 2025,Mon Nov 24 21:53:08 CET 2025,POST,http://127.0.0.1:4000/graphql,200,OK,8,613,120
41,Mon Nov 24 21:53:08 CET 2025,Mon Nov 24 21:53:08 CET 2025,POST,http://127.0.0.1:4000/graphql,200,OK,8,613,120
42,Mon Nov 24 21:53:08 CET 2025,Mon Nov 24 21:53:08 CET 2025,POST,http://127.0.0.1:4000/graphql,200,OK,8,613,120
43,Mon Nov 24 21:53:08 CET 2025,Mon Nov 24 21:53:08 CET 2025,POST,http://127.0.0.1:4000/graphql,200,OK,9,613,372
44,Mon Nov 24 21:53:08 CET 2025,Mon Nov 24 21:53:08 CET 2025,POST,http://127.0.0.1:4000/graphql,200,OK,8,613,341
45,Mon Nov 24 21:53:08 CET 2025,Mon Nov 24 21:53:08 CET 2025,POST,http://127.0.0.1:4000/graphql,200,OK,11,613,120
46,Mon Nov 24 21:53:08 CET 2025,Mon Nov 24 21:53:08 CET 2025,POST,http://127.0.0.1:4000/graphql,200,OK,8,613,120
47,Mon Nov 24 21:53:08 CET 2025,Mon Nov 24 21:53:08 CET 2025,POST,http://127.0.0.1:4000/graphql,200,OK,9,613,113
48,Mon Nov 24 21:53:08 CET 2025,Mon Nov 24 21:53:08 CET 2025,POST,http://127.0.0.1:4000/graphql,200,OK,8,612,96
49,Mon Nov 24 21:53:08 CET 2025,Mon Nov 24 21:53:08 CET 2025,POST,http://127.0.0.1:4000/graphql,200,OK,8,613,113
50,Mon Nov 24 21:53:08 CET 2025,Mon Nov 24 21:53:08 CET 2025,POST,http://127.0.0.1:4000/graphql,200,OK,9,612,99
51,Mon Nov 24 21:53:08 CET 2025,Mon Nov 24 21:53:08 CET 2025,POST,http://127.0.0.1:4000/graphql,200,OK,9,613,120
52,Mon Nov 24 21:53:08 CET 2025,Mon Nov 24 21:53:08 CET 2025,POST,http://127.0.0.1:4000/graphql,200,OK,8,612,96
53,Mon Nov 24 21:53:08 CET 2025,Mon Nov 24 21:53:08 CET 2025,POST,http://127.0.0.1:4000/graphql,200,OK,7,613,120
54,Mon Nov 24 21:53:08 CET 2025,Mon Nov 24 21:53:08 CET 2025,POST,http://127.0.0.1:4000/graphql,200,OK,8,612,96
55,Mon Nov 24 21:53:08 CET 2025,Mon Nov 24 21:53:08 CET 2025,POST,http://127.0.0.1:4000/graphql,200,OK,8,613,113
56,Mon Nov 24 21:53:08 CET 2025,Mon Nov 24 21:53:08 CET 2025,POST,http://127.0.0.1:4000/graphql,200,OK,9,613,113
57,Mon Nov 24 21:53:08 CET 2025,Mon Nov 24 21:53:08 CET 2025,POST,http://127.0.0.1:4000/graphql,200,OK,8,613,120
58,Mon Nov 24 21:53:08 CET 2025,Mon Nov 24 21:53:08 CET 2025,POST,http://127.0.0.1:4000/graphql,200,OK,8,613,120
59,Mon Nov 24 21:53:08 CET 2025,Mon Nov 24 21:53:08 CET 2025,POST,http://127.0.0.1:4000/graphql,200,OK,11,613,120
60,Mon Nov 24 21:53:08 CET 2025,Mon Nov 24 21:53:08 CET 2025,POST,http://127.0.0.1:4000/graphql,200,OK,8,613,120
61,Mon Nov 24 21:53:08 CET 2025,Mon Nov 24 21:53:08 CET 2025,POST,http://127.0.0.1:4000/graphql,200,OK,10,613,364
62,Mon Nov 24 21:53:08 CET 2025,Mon Nov 24 21:53:08 CET 2025,POST,http://127.0.0.1:4000/graphql,200,OK,9,613,333
63,Mon Nov 24 21:53:08 CET 2025,Mon Nov 24 21:53:08 CET 2025,POST,http://127.0.0.1:4000/graphql,200,OK,8,613,120
64,Mon Nov 24 21:53:08 CET 2025,Mon Nov 24 21:53:08 CET 2025,POST,http://127.0.0.1:4000/graphql,200,OK,8,613,120
65,Mon Nov 24 21:53:08 CET 2025,Mon Nov 24 21:53:08 CET 2025,POST,http://127.0.0.1:4000/graphql,200,OK,9,613,171
66,Mon Nov 24 21:53:08 CET 2025,Mon Nov 24 21:53:08 CET 2025,POST,http://127.0.0.1:4000/graphql,200,OK,8,613,171
67,Mon Nov 24 21:53:08 CET 2025,Mon Nov 24 21:53:08 CET 2025,POST,http://127.0.0.1:4000/graphql,200,OK,12,613,171
68,Mon Nov 24 21:53:08 CET 2025,Mon Nov 24 21:53:08 CET 2025,POST,http://127.0.0.1:4000/graphql,200,OK,17,613,171
69,Mon Nov 24 21:53:08 CET 2025,Mon Nov 24 21:53:08 CET 2025,POST,http://127.0.0.1:4000/graphql,200,OK,12,613,171
70,Mon Nov 24 21:53:08 CET 2025,Mon Nov 24 21:53:08 CET 2025,POST,http://127.0.0.1:4000/graphql,200,OK,9,613,170
71,Mon Nov 24 21:53:08 CET 2025,Mon Nov 24 21:53:08 CET 2025,POST,http://127.0.0.1:4000/graphql,200,OK,8,613,170
72,Mon Nov 24 21:53:08 CET 2025,Mon Nov 24 21:53:08 CET 2025,POST,http://127.0.0.1:4000/graphql,200,OK,8,613,170
73,Mon Nov 24 21:53:08 CET 2025,Mon Nov 24 21:53:08 CET 2025,POST,http://127.0.0.1:4000/graphql,200,OK,8,613,170
74,Mon Nov 24 21:53:08 CET 2025,Mon Nov 24 21:53:08 CET 2025,POST,http://127.0.0.1:4000/graphql,200,OK,8,613,170
75,Mon Nov 24 21:53:08 CET 2025,Mon Nov 24 21:53:08 CET 2025,POST,http://127.0.0.1:4000/graphql,200,OK,8,613,113
76,Mon Nov 24 21:53:08 CET 2025,Mon Nov 24 21:53:08 CET 2025,POST,http://127.0.0.1:4000/graphql,200,OK,8,613,113
77,Mon Nov 24 21:53:08 CET 2025,Mon Nov 24 21:53:08 CET 2025,POST,http://127.0.0.1:4000/graphql,200,OK,8,613,113
78,Mon Nov 24 21:53:08 CET 2025,Mon Nov 24 21:53:08 CET 2025,POST,http://127.0.0.1:4000/graphql,200,OK,8,613,113
79,Mon Nov 24 21:53:08 CET 2025,Mon Nov 24 21:53:08 CET 2025,POST,http://127.0.0.1:4000/graphql,200,OK,8,613,113
80,Mon Nov 24 21:53:08 CET 2025,Mon Nov 24 21:53:08 CET 2025,POST,http://127.0.0.1:4000/graphql,200,OK,8,612,96
81,Mon Nov 24 21:53:08 CET 2025,Mon Nov 24 21:53:08 CET 2025,POST,http://127.0.0.1:4000/graphql,200,OK,8,612,96
82,Mon Nov 24 21:53:08 CET 2025,Mon Nov 24 21:53:08 CET 2025,POST,http://127.0.0.1:4000/graphql,200,OK,9,612,96
83,Mon Nov 24 21:53:08 CET 2025,Mon Nov 24 21:53:08 CET 2025,POST,http://127.0.0.1:4000/graphql,200,OK,8,612,96
84,Mon Nov 24 21:53:08 CET 2025,Mon Nov 24 21:53:08 CET 2025,POST,http://127.0.0.1:4000/graphql,200,OK,8,612,96
85,Mon Nov 24 21:53:08 CET 2025,Mon Nov 24 21:53:08 CET 2025,POST,http://127.0.0.1:4000/graphql,200,OK,8,613,113
86,Mon Nov 24 21:53:08 CET 2025,Mon Nov 24 21:53:08 CET 2025,POST,http://127.0.0.1:4000/graphql,200,OK,8,613,113
87,Mon Nov 24 21:53:08 CET 2025,Mon Nov 24 21:53:08 CET 2025,POST,http://127.0.0.1:4000/graphql,200,OK,8,613,113
88,Mon Nov 24 21:53:08 CET 2025,Mon Nov 24 21:53:08 CET 2025,POST,http://127.0.0.1:4000/graphql,200,OK,8,613,113
89,Mon Nov 24 21:53:08 CET 2025,Mon Nov 24 21:53:08 CET 2025,POST,http://127.0.0.1:4000/graphql,200,OK,8,613,113
90,Mon Nov 24 21:53:08 CET 2025,Mon Nov 24 21:53:08 CET 2025,POST,http://127.0.0.1:4000/graphql,200,OK,9,612,96
91,Mon Nov 24 21:53:08 CET 2025,Mon Nov 24 21:53:08 CET 2025,POST,http://127.0.0.1:4000/graphql,200,OK,9,612,96
92,Mon Nov 24 21:53:08 CET 2025,Mon Nov 24 21:53:08 CET 2025,POST,http://127.0.0.1:4000/graphql,200,OK,8,612,96
93,Mon Nov 24 21:53:08 CET 2025,Mon Nov 24 21:53:08 CET 2025,POST,http://127.0.0.1:4000/graphql,200,OK,8,612,96
94,Mon Nov 24 21:53:08 CET 2025,Mon Nov 24 21:53:08 CET 2025,POST,http://127.0.0.1:4000/graphql,200,OK,9,612,96
95,Mon Nov 24 21:53:08 CET 2025,Mon Nov 24 21:53:08 CET 2025,GET,http://127.0.0.1:4000/WEB-INF/web.xml,404,Not Found,29,185,12666
96,Mon Nov 24 21:53:08 CET 2025,Mon Nov 24 21:53:08 CET 2025,GET,http://127.0.0.1:4000/graphql?-s,404,Not Found,51,328,58735
97,Mon Nov 24 21:53:08 CET 2025,Mon Nov 24 21:53:08 CET 2025,GET,http://127.0.0.1:4000/WEB-INF/applicationContext.xml,404,Not Found,27,185,12681
98,Mon Nov 24 21:53:08 CET 2025,Mon Nov 24 21:53:08 CET 2025,GET,http://127.0.0.1:4000/WEB-INF/classes/1/0.class,404,Not Found,29,328,58730
99,Mon Nov 24 21:53:08 CET 2025,Mon Nov 24 21:53:08 CET 2025,GET,http://127.0.0.1:4000/WEB-INF/classes/web/xml.class,404,Not Found,25,328,58734
100,Mon Nov 24 21:53:08 CET 2025,Mon Nov 24 21:53:08 CET 2025,GET,http://127.0.0.1:4000/WEB-INF/classes/8/0/4.class,404,Not Found,24,328,58732
101,Mon Nov 24 21:53:08 CET 2025,Mon Nov 24 21:53:08 CET 2025,GET,http://127.0.0.1:4000/WEB-INF/classes/debug_exceptions/rb.class,404,Not Found,30,328,58746
102,Mon Nov 24 21:53:08 CET 2025,Mon Nov 24 21:53:08 CET 2025,GET,http://127.0.0.1:4000/WEB-INF/classes/show_exceptions/rb.class,404,Not Found,27,328,58745
103,Mon Nov 24 21:53:08 CET 2025,Mon Nov 24 21:53:08 CET 2025,GET,http://127.0.0.1:4000/WEB-INF/classes/logger/rb.class,404,Not Found,35,328,58736
104,Mon Nov 24 21:53:08 CET 2025,Mon Nov 24 21:53:09 CET 2025,GET,http://127.0.0.1:4000/WEB-INF/classes/remote_ip/rb.class,404,Not Found,40,328,58739
105,Mon Nov 24 21:53:09 CET 2025,Mon Nov 24 21:53:09 CET 2025,GET,http://127.0.0.1:4000/WEB-INF/classes/request_id/rb.class,404,Not Found,26,328,58740
106,Mon Nov 24 21:53:09 CET 2025,Mon Nov 24 21:53:09 CET 2025,GET,http://127.0.0.1:4000/WEB-INF/classes/3/2/4.class,404,Not Found,23,328,58732
107,Mon Nov 24 21:53:09 CET 2025,Mon Nov 24 21:53:09 CET 2025,GET,http://127.0.0.1:4000/WEB-INF/classes/runtime/rb.class,404,Not Found,26,328,58737
108,Mon Nov 24 21:53:09 CET 2025,Mon Nov 24 21:53:09 CET 2025,GET,http://127.0.0.1:4000/WEB-INF/classes/local_cache_middleware/rb.class,404,Not Found,27,328,58752
109,Mon Nov 24 21:53:09 CET 2025,Mon Nov 24 21:53:09 CET 2025,GET,http://127.0.0.1:4000/WEB-INF/classes/server_timing/rb.class,404,Not Found,25,328,58743
110,Mon Nov 24 21:53:09 CET 2025,Mon Nov 24 21:53:09 CET 2025,GET,http://127.0.0.1:4000/WEB-INF/classes/executor/rb.class,404,Not Found,23,328,58738
111,Mon Nov 24 21:53:09 CET 2025,Mon Nov 24 21:53:09 CET 2025,GET,http://127.0.0.1:4000/WEB-INF/classes/static/rb.class,404,Not Found,27,328,58736
112,Mon Nov 24 21:53:09 CET 2025,Mon Nov 24 21:53:09 CET 2025,GET,http://127.0.0.1:4000/WEB-INF/classes/sendfile/rb.class,404,Not Found,25,328,58738
113,Mon Nov 24 21:53:09 CET 2025,Mon Nov 24 21:53:09 CET 2025,GET,http://127.0.0.1:4000/WEB-INF/classes/host_authorization/rb.class,404,Not Found,23,328,58748
114,Mon Nov 24 21:53:09 CET 2025,Mon Nov 24 21:53:09 CET 2025,GET,http://127.0.0.1:4000/WEB-INF/classes/engine/rb.class,404,Not Found,25,328,58736
115,Mon Nov 24 21:53:09 CET 2025,Mon Nov 24 21:53:09 CET 2025,GET,http://127.0.0.1:4000/WEB-INF/classes/7/1/0.class,404,Not Found,27,328,58732
116,Mon Nov 24 21:53:09 CET 2025,Mon Nov 24 21:53:09 CET 2025,GET,http://127.0.0.1:4000/WEB-INF/classes/configuration/rb.class,404,Not Found,25,328,58743
117,Mon Nov 24 21:53:09 CET 2025,Mon Nov 24 21:53:09 CET 2025,GET,http://127.0.0.1:4000/WEB-INF/classes/request/rb.class,404,Not Found,22,328,58737
118,Mon Nov 24 21:53:09 CET 2025,Mon Nov 24 21:53:09 CET 2025,GET,http://127.0.0.1:4000/WEB-INF/classes/thread_pool/rb.class,404,Not Found,28,328,58741
119,Mon Nov 24 21:53:09 CET 2025,Mon Nov 24 21:53:09 CET 2025,GET,http://127.0.0.1:4000/WEB-INF/classes/server/rb.class,404,Not Found,28,328,58736
120,Mon Nov 24 21:53:09 CET 2025,Mon Nov 24 21:53:09 CET 2025,GET,http://127.0.0.1:4000/WEB-INF/classes/applicationContext/xml.class,404,Not Found,24,328,58749
121,Mon Nov 24 21:53:09 CET 2025,Mon Nov 24 21:53:09 CET 2025,POST,http://127.0.0.1:4000/graphql?-d+allow_url_include%3d1+-d+auto_prepend_file%3dphp://input,200,OK,7,598,54
122,Mon Nov 24 21:53:09 CET 2025,Mon Nov 24 21:53:09 CET 2025,POST,http://127.0.0.1:4000/graphql?-d+allow_url_include%3d1+-d+auto_prepend_file%3dphp://input,200,OK,7,598,54
123,Mon Nov 24 21:53:09 CET 2025,Mon Nov 24 21:53:09 CET 2025,POST,http://127.0.0.1:4000/graphql,200,OK,8,613,179
124,Mon Nov 24 21:53:09 CET 2025,Mon Nov 24 21:53:09 CET 2025,POST,http://127.0.0.1:4000/graphql,200,OK,7,613,172
125,Mon Nov 24 21:53:09 CET 2025,Mon Nov 24 21:53:09 CET 2025,POST,http://127.0.0.1:4000/graphql,200,OK,7,613,172
126,Mon Nov 24 21:53:09 CET 2025,Mon Nov 24 21:53:09 CET 2025,POST,http://127.0.0.1:4000/graphql,200,OK,6,613,161
127,Mon Nov 24 21:53:09 CET 2025,Mon Nov 24 21:53:09 CET 2025,POST,http://127.0.0.1:4000/graphql,200,OK,7,613,170
128,Mon Nov 24 21:53:09 CET 2025,Mon Nov 24 21:53:09 CET 2025,POST,http://127.0.0.1:4000/graphql,200,OK,8,613,172
129,Mon Nov 24 21:53:09 CET 2025,Mon Nov 24 21:53:09 CET 2025,POST,http://127.0.0.1:4000/graphql,200,OK,9,613,161
130,Mon Nov 24 21:53:09 CET 2025,Mon Nov 24 21:53:09 CET 2025,POST,http://127.0.0.1:4000/graphql,200,OK,8,613,172
131,Mon Nov 24 21:53:09 CET 2025,Mon Nov 24 21:53:09 CET 2025,POST,http://127.0.0.1:4000/graphql,200,OK,8,613,171
132,Mon Nov 24 21:53:09 CET 2025,Mon Nov 24 21:53:09 CET 2025,POST,http://127.0.0.1:4000/graphql,200,OK,8,612,96
133,Mon Nov 24 21:53:09 CET 2025,Mon Nov 24 21:53:09 CET 2025,POST,http://127.0.0.1:4000/graphql,200,OK,8,613,113
134,Mon Nov 24 21:53:09 CET 2025,Mon Nov 24 21:53:09 CET 2025,POST,http://127.0.0.1:4000/graphql,200,OK,8,613,113
135,Mon Nov 24 21:53:09 CET 2025,Mon Nov 24 21:53:09 CET 2025,POST,http://127.0.0.1:4000/graphql,200,OK,8,613,119
136,Mon Nov 24 21:53:09 CET 2025,Mon Nov 24 21:53:09 CET 2025,POST,http://127.0.0.1:4000/graphql,200,OK,8,613,114
137,Mon Nov 24 21:53:09 CET 2025,Mon Nov 24 21:53:09 CET 2025,POST,http://127.0.0.1:4000/graphql,200,OK,9,613,113
138,Mon Nov 24 21:53:09 CET 2025,Mon Nov 24 21:53:09 CET 2025,POST,http://127.0.0.1:4000/graphql,200,OK,8,613,119
139,Mon Nov 24 21:53:09 CET 2025,Mon Nov 24 21:53:09 CET 2025,POST,http://127.0.0.1:4000/graphql,200,OK,8,613,113
140,Mon Nov 24 21:53:09 CET 2025,Mon Nov 24 21:53:09 CET 2025,POST,http://127.0.0.1:4000/graphql,200,OK,8,613,113
141,Mon Nov 24 21:53:09 CET 2025,Mon Nov 24 21:53:09 CET 2025,POST,http://127.0.0.1:4000/graphql,200,OK,8,612,96
142,Mon Nov 24 21:53:09 CET 2025,Mon Nov 24 21:53:09 CET 2025,POST,http://127.0.0.1:4000/graphql,200,OK,8,613,113
143,Mon Nov 24 21:53:09 CET 2025,Mon Nov 24 21:53:09 CET 2025,POST,http://127.0.0.1:4000/graphql,200,OK,9,613,113
144,Mon Nov 24 21:53:09 CET 2025,Mon Nov 24 21:53:09 CET 2025,POST,http://127.0.0.1:4000/graphql,200,OK,8,613,119
145,Mon Nov 24 21:53:09 CET 2025,Mon Nov 24 21:53:09 CET 2025,POST,http://127.0.0.1:4000/graphql,200,OK,8,613,114
146,Mon Nov 24 21:53:09 CET 2025,Mon Nov 24 21:53:09 CET 2025,POST,http://127.0.0.1:4000/graphql,200,OK,7,613,113
147,Mon Nov 24 21:53:09 CET 2025,Mon Nov 24 21:53:09 CET 2025,POST,http://127.0.0.1:4000/graphql,200,OK,9,613,119
148,Mon Nov 24 21:53:09 CET 2025,Mon Nov 24 21:53:09 CET 2025,POST,http://127.0.0.1:4000/graphql,200,OK,9,613,113
149,Mon Nov 24 21:53:09 CET 2025,Mon Nov 24 21:53:09 CET 2025,POST,http://127.0.0.1:4000/graphql,200,OK,10,613,113
150,Mon Nov 24 21:53:09 CET 2025,Mon Nov 24 21:53:09 CET 2025,POST,http://127.0.0.1:4000/graphql,200,OK,10,613,169
151,Mon Nov 24 21:53:09 CET 2025,Mon Nov 24 21:53:09 CET 2025,POST,http://127.0.0.1:4000/graphql,200,OK,8,613,171
152,Mon Nov 24 21:53:09 CET 2025,Mon Nov 24 21:53:09 CET 2025,POST,http://127.0.0.1:4000/graphql,200,OK,8,613,169
153,Mon Nov 24 21:53:09 CET 2025,Mon Nov 24 21:53:09 CET 2025,POST,http://127.0.0.1:4000/graphql,200,OK,8,613,172
154,Mon Nov 24 21:53:09 CET 2025,Mon Nov 24 21:53:09 CET 2025,POST,http://127.0.0.1:4000/graphql,200,OK,8,613,120
155,Mon Nov 24 21:53:09 CET 2025,Mon Nov 24 21:53:09 CET 2025,POST,http://127.0.0.1:4000/graphql,200,OK,9,613,121
156,Mon Nov 24 21:53:09 CET 2025,Mon Nov 24 21:53:09 CET 2025,POST,http://127.0.0.1:4000/graphql,200,OK,8,613,120
157,Mon Nov 24 21:53:09 CET 2025,Mon Nov 24 21:53:09 CET 2025,POST,http://127.0.0.1:4000/graphql,200,OK,8,613,124
158,Mon Nov 24 21:53:09 CET 2025,Mon Nov 24 21:53:09 CET 2025,POST,http://127.0.0.1:4000/graphql,200,OK,9,613,120
159,Mon Nov 24 21:53:09 CET 2025,Mon Nov 24 21:53:09 CET 2025,POST,http://127.0.0.1:4000/graphql,200,OK,8,613,121
160,Mon Nov 24 21:53:09 CET 2025,Mon Nov 24 21:53:09 CET 2025,POST,http://127.0.0.1:4000/graphql,200,OK,8,613,120
161,Mon Nov 24 21:53:09 CET 2025,Mon Nov 24 21:53:09 CET 2025,POST,http://127.0.0.1:4000/graphql,200,OK,8,613,124
162,Mon Nov 24 21:53:09 CET 2025,Mon Nov 24 21:53:09 CET 2025,POST,http://127.0.0.1:4000/graphql,200,OK,8,613,161
163,Mon Nov 24 21:53:09 CET 2025,Mon Nov 24 21:53:09 CET 2025,POST,http://127.0.0.1:4000/graphql,200,OK,8,613,163
164,Mon Nov 24 21:53:09 CET 2025,Mon Nov 24 21:53:09 CET 2025,POST,http://127.0.0.1:4000/graphql,200,OK,8,613,169
165,Mon Nov 24 21:53:09 CET 2025,Mon Nov 24 21:53:09 CET 2025,POST,http://127.0.0.1:4000/graphql,200,OK,9,613,169
166,Mon Nov 24 21:53:09 CET 2025,Mon Nov 24 21:53:09 CET 2025,POST,http://127.0.0.1:4000/graphql,200,OK,8,613,169
167,Mon Nov 24 21:53:09 CET 2025,Mon Nov 24 21:53:09 CET 2025,POST,http://127.0.0.1:4000/graphql,200,OK,8,613,115
168,Mon Nov 24 21:53:09 CET 2025,Mon Nov 24 21:53:09 CET 2025,POST,http://127.0.0.1:4000/graphql,200,OK,9,613,346
169,Mon Nov 24 21:53:09 CET 2025,Mon Nov 24 21:53:09 CET 2025,POST,http://127.0.0.1:4000/graphql,200,OK,9,613,120
170,Mon Nov 24 21:53:09 CET 2025,Mon Nov 24 21:53:09 CET 2025,POST,http://127.0.0.1:4000/graphql,200,OK,8,613,120
171,Mon Nov 24 21:53:09 CET 2025,Mon Nov 24 21:53:09 CET 2025,POST,http://127.0.0.1:4000/graphql,200,OK,8,613,120
172,Mon Nov 24 21:53:09 CET 2025,Mon Nov 24 21:53:09 CET 2025,POST,http://127.0.0.1:4000/graphql,200,OK,8,613,120
173,Mon Nov 24 21:53:09 CET 2025,Mon Nov 24 21:53:09 CET 2025,POST,http://127.0.0.1:4000/graphql,200,OK,8,613,120
174,Mon Nov 24 21:53:09 CET 2025,Mon Nov 24 21:53:09 CET 2025,POST,http://127.0.0.1:4000/graphql,200,OK,8,613,120
175,Mon Nov 24 21:53:09 CET 2025,Mon Nov 24 21:53:09 CET 2025,POST,http://127.0.0.1:4000/graphql,200,OK,8,613,120
176,Mon Nov 24 21:53:09 CET 2025,Mon Nov 24 21:53:09 CET 2025,POST,http://127.0.0.1:4000/graphql,200,OK,8,613,115
177,Mon Nov 24 21:53:09 CET 2025,Mon Nov 24 21:53:09 CET 2025,POST,http://127.0.0.1:4000/graphql,200,OK,9,613,338
178,Mon Nov 24 21:53:09 CET 2025,Mon Nov 24 21:53:09 CET 2025,POST,http://127.0.0.1:4000/graphql,200,OK,8,613,120
179,Mon Nov 24 21:53:09 CET 2025,Mon Nov 24 21:53:09 CET 2025,POST,http://127.0.0.1:4000/graphql,200,OK,9,613,120
180,Mon Nov 24 21:53:09 CET 2025,Mon Nov 24 21:53:09 CET 2025,POST,http://127.0.0.1:4000/graphql,200,OK,8,613,120
181,Mon Nov 24 21:53:09 CET 2025,Mon Nov 24 21:53:10 CET 2025,POST,http://127.0.0.1:4000/graphql,200,OK,8,613,120
182,Mon Nov 24 21:53:10 CET 2025,Mon Nov 24 21:53:10 CET 2025,POST,http://127.0.0.1:4000/graphql,200,OK,9,613,120
183,Mon Nov 24 21:53:10 CET 2025,Mon Nov 24 21:53:10 CET 2025,POST,http://127.0.0.1:4000/graphql,200,OK,8,613,120
184,Mon Nov 24 21:53:10 CET 2025,Mon Nov 24 21:53:10 CET 2025,POST,http://127.0.0.1:4000/graphql,200,OK,9,613,120
185,Mon Nov 24 21:53:10 CET 2025,Mon Nov 24 21:53:10 CET 2025,POST,http://127.0.0.1:4000/graphql,200,OK,20,613,175
186,Mon Nov 24 21:53:10 CET 2025,Mon Nov 24 21:53:10 CET 2025,POST,http://127.0.0.1:4000/graphql,200,OK,12,613,342
187,Mon Nov 24 21:53:10 CET 2025,Mon Nov 24 21:53:10 CET 2025,POST,http://127.0.0.1:4000/graphql,200,OK,10,613,334
188,Mon Nov 24 21:53:10 CET 2025,Mon Nov 24 21:53:10 CET 2025,POST,http://127.0.0.1:4000/graphql,200,OK,11,612,79
189,Mon Nov 24 21:53:10 CET 2025,Mon Nov 24 21:53:10 CET 2025,POST,http://127.0.0.1:4000/graphql,200,OK,9,613,169
190,Mon Nov 24 21:53:10 CET 2025,Mon Nov 24 21:53:10 CET 2025,POST,http://127.0.0.1:4000/graphql,200,OK,8,613,172
191,Mon Nov 24 21:53:10 CET 2025,Mon Nov 24 21:53:10 CET 2025,POST,http://127.0.0.1:4000/graphql,200,OK,8,613,116
192,Mon Nov 24 21:53:10 CET 2025,Mon Nov 24 21:53:10 CET 2025,POST,http://127.0.0.1:4000/graphql,200,OK,10,613,117
193,Mon Nov 24 21:53:10 CET 2025,Mon Nov 24 21:53:10 CET 2025,POST,http://127.0.0.1:4000/graphql,200,OK,8,613,169
194,Mon Nov 24 21:53:10 CET 2025,Mon Nov 24 21:53:10 CET 2025,POST,http://127.0.0.1:4000/graphql,200,OK,8,613,172
195,Mon Nov 24 21:53:10 CET 2025,Mon Nov 24 21:53:10 CET 2025,POST,http://127.0.0.1:4000/graphql,200,OK,8,613,169
196,Mon Nov 24 21:53:10 CET 2025,Mon Nov 24 21:53:10 CET 2025,POST,http://127.0.0.1:4000/graphql,200,OK,8,613,172
197,Mon Nov 24 21:53:10 CET 2025,Mon Nov 24 21:53:10 CET 2025,POST,http://127.0.0.1:4000/graphql,200,OK,10,612,79
198,Mon Nov 24 21:53:10 CET 2025,Mon Nov 24 21:53:10 CET 2025,POST,http://127.0.0.1:4000/graphql,200,OK,9,612,79
199,Mon Nov 24 21:53:10 CET 2025,Mon Nov 24 21:53:10 CET 2025,POST,http://127.0.0.1:4000/graphql,200,OK,8,613,172
200,Mon Nov 24 21:53:10 CET 2025,Mon Nov 24 21:53:10 CET 2025,POST,http://127.0.0.1:4000/graphql,200,OK,9,613,172
201,Mon Nov 24 21:53:10 CET 2025,Mon Nov 24 21:53:10 CET 2025,POST,http://127.0.0.1:4000/graphql,200,OK,8,613,163
202,Mon Nov 24 21:53:10 CET 2025,Mon Nov 24 21:53:10 CET 2025,POST,http://127.0.0.1:4000/graphql,200,OK,8,613,172
203,Mon Nov 24 21:53:10 CET 2025,Mon Nov 24 21:53:10 CET 2025,POST,http://127.0.0.1:4000/graphql,200,OK,8,613,172
204,Mon Nov 24 21:53:10 CET 2025,Mon Nov 24 21:53:10 CET 2025,POST,http://127.0.0.1:4000/graphql,200,OK,7,613,163
205,Mon Nov 24 21:53:10 CET 2025,Mon Nov 24 21:53:10 CET 2025,POST,http://127.0.0.1:4000/graphql,200,OK,8,613,174
206,Mon Nov 24 21:53:10 CET 2025,Mon Nov 24 21:53:10 CET 2025,POST,http://127.0.0.1:4000/graphql,200,OK,8,613,172
207,Mon Nov 24 21:53:10 CET 2025,Mon Nov 24 21:53:10 CET 2025,POST,http://127.0.0.1:4000/graphql,200,OK,8,613,117
208,Mon Nov 24 21:53:10 CET 2025,Mon Nov 24 21:53:10 CET 2025,POST,http://127.0.0.1:4000/graphql,200,OK,8,613,166
209,Mon Nov 24 21:53:10 CET 2025,Mon Nov 24 21:53:10 CET 2025,POST,http://127.0.0.1:4000/graphql,200,OK,8,613,172
210,Mon Nov 24 21:53:10 CET 2025,Mon Nov 24 21:53:10 CET 2025,POST,http://127.0.0.1:4000/graphql,200,OK,9,612,79
211,Mon Nov 24 21:53:10 CET 2025,Mon Nov 24 21:53:10 CET 2025,POST,http://127.0.0.1:4000/graphql,200,OK,8,613,120
212,Mon Nov 24 21:53:10 CET 2025,Mon Nov 24 21:53:10 CET 2025,POST,http://127.0.0.1:4000/graphql,200,OK,8,613,119
213,Mon Nov 24 21:53:10 CET 2025,Mon Nov 24 21:53:10 CET 2025,POST,http://127.0.0.1:4000/graphql,200,OK,9,613,118
214,Mon Nov 24 21:53:10 CET 2025,Mon Nov 24 21:53:10 CET 2025,POST,http://127.0.0.1:4000/graphql,200,OK,7,613,118
215,Mon Nov 24 21:53:10 CET 2025,Mon Nov 24 21:53:10 CET 2025,POST,http://127.0.0.1:4000/graphql,200,OK,8,613,120
216,Mon Nov 24 21:53:10 CET 2025,Mon Nov 24 21:53:10 CET 2025,POST,http://127.0.0.1:4000/graphql,200,OK,9,613,119
217,Mon Nov 24 21:53:10 CET 2025,Mon Nov 24 21:53:10 CET 2025,POST,http://127.0.0.1:4000/graphql,200,OK,10,613,120
218,Mon Nov 24 21:53:10 CET 2025,Mon Nov 24 21:53:10 CET 2025,POST,http://127.0.0.1:4000/graphql,200,OK,10,613,119
219,Mon Nov 24 21:53:10 CET 2025,Mon Nov 24 21:53:10 CET 2025,POST,http://127.0.0.1:4000/graphql,200,OK,12,612,79
220,Mon Nov 24 21:53:10 CET 2025,Mon Nov 24 21:53:10 CET 2025,POST,http://127.0.0.1:4000/graphql,200,OK,12,612,79
221,Mon Nov 24 21:53:10 CET 2025,Mon Nov 24 21:53:10 CET 2025,POST,http://127.0.0.1:4000/graphql,200,OK,8,613,112
222,Mon Nov 24 21:53:10 CET 2025,Mon Nov 24 21:53:10 CET 2025,POST,http://127.0.0.1:4000/graphql,200,OK,9,613,119
223,Mon Nov 24 21:53:10 CET 2025,Mon Nov 24 21:53:10 CET 2025,POST,http://127.0.0.1:4000/graphql,200,OK,9,613,118
224,Mon Nov 24 21:53:10 CET 2025,Mon Nov 24 21:53:10 CET 2025,POST,http://127.0.0.1:4000/graphql,200,OK,8,613,112
225,Mon Nov 24 21:53:10 CET 2025,Mon Nov 24 21:53:10 CET 2025,POST,http://127.0.0.1:4000/graphql,200,OK,8,613,119
226,Mon Nov 24 21:53:10 CET 2025,Mon Nov 24 21:53:10 CET 2025,POST,http://127.0.0.1:4000/graphql,200,OK,8,613,118
227,Mon Nov 24 21:53:10 CET 2025,Mon Nov 24 21:53:10 CET 2025,POST,http://127.0.0.1:4000/graphql,200,OK,8,613,121
228,Mon Nov 24 21:53:10 CET 2025,Mon Nov 24 21:53:10 CET 2025,POST,http://127.0.0.1:4000/graphql,200,OK,8,613,119
229,Mon Nov 24 21:53:10 CET 2025,Mon Nov 24 21:53:10 CET 2025,POST,http://127.0.0.1:4000/graphql,200,OK,8,613,118
230,Mon Nov 24 21:53:10 CET 2025,Mon Nov 24 21:53:10 CET 2025,POST,http://127.0.0.1:4000/graphql,200,OK,9,613,117
231,Mon Nov 24 21:53:10 CET 2025,Mon Nov 24 21:53:10 CET 2025,POST,http://127.0.0.1:4000/graphql,200,OK,8,613,119
232,Mon Nov 24 21:53:10 CET 2025,Mon Nov 24 21:53:10 CET 2025,POST,http://127.0.0.1:4000/graphql,200,OK,10,612,79
233,Mon Nov 24 21:53:10 CET 2025,Mon Nov 24 21:53:10 CET 2025,POST,http://127.0.0.1:4000/graphql,200,OK,8,613,120
234,Mon Nov 24 21:53:10 CET 2025,Mon Nov 24 21:53:10 CET 2025,POST,http://127.0.0.1:4000/graphql,200,OK,8,613,119
235,Mon Nov 24 21:53:10 CET 2025,Mon Nov 24 21:53:10 CET 2025,POST,http://127.0.0.1:4000/graphql,200,OK,8,613,118
236,Mon Nov 24 21:53:10 CET 2025,Mon Nov 24 21:53:10 CET 2025,POST,http://127.0.0.1:4000/graphql,200,OK,8,613,118
237,Mon Nov 24 21:53:10 CET 2025,Mon Nov 24 21:53:10 CET 2025,POST,http://127.0.0.1:4000/graphql,200,OK,8,613,120
238,Mon Nov 24 21:53:10 CET 2025,Mon Nov 24 21:53:10 CET 2025,POST,http://127.0.0.1:4000/graphql,200,OK,9,613,119
239,Mon Nov 24 21:53:10 CET 2025,Mon Nov 24 21:53:10 CET 2025,POST,http://127.0.0.1:4000/graphql,200,OK,8,613,120
240,Mon Nov 24 21:53:10 CET 2025,Mon Nov 24 21:53:10 CET 2025,POST,http://127.0.0.1:4000/graphql,200,OK,8,613,119
241,Mon Nov 24 21:53:10 CET 2025,Mon Nov 24 21:53:10 CET 2025,POST,http://127.0.0.1:4000/graphql,200,OK,10,612,79
242,Mon Nov 24 21:53:10 CET 2025,Mon Nov 24 21:53:10 CET 2025,POST,http://127.0.0.1:4000/graphql,200,OK,10,612,79
243,Mon Nov 24 21:53:10 CET 2025,Mon Nov 24 21:53:10 CET 2025,POST,http://127.0.0.1:4000/graphql,200,OK,8,613,112
244,Mon Nov 24 21:53:10 CET 2025,Mon Nov 24 21:53:10 CET 2025,POST,http://127.0.0.1:4000/graphql,200,OK,8,613,119
245,Mon Nov 24 21:53:10 CET 2025,Mon Nov 24 21:53:10 CET 2025,POST,http://127.0.0.1:4000/graphql,200,OK,8,613,118
246,Mon Nov 24 21:53:10 CET 2025,Mon Nov 24 21:53:10 CET 2025,POST,http://127.0.0.1:4000/graphql,200,OK,8,613,112
247,Mon Nov 24 21:53:10 CET 2025,Mon Nov 24 21:53:10 CET 2025,POST,http://127.0.0.1:4000/graphql,200,OK,8,613,119
248,Mon Nov 24 21:53:10 CET 2025,Mon Nov 24 21:53:10 CET 2025,POST,http://127.0.0.1:4000/graphql,200,OK,7,613,118
249,Mon Nov 24 21:53:10 CET 2025,Mon Nov 24 21:53:10 CET 2025,POST,http://127.0.0.1:4000/graphql,200,OK,8,613,121
250,Mon Nov 24 21:53:10 CET 2025,Mon Nov 24 21:53:10 CET 2025,POST,http://127.0.0.1:4000/graphql,200,OK,8,613,119
251,Mon Nov 24 21:53:10 CET 2025,Mon Nov 24 21:53:10 CET 2025,POST,http://127.0.0.1:4000/graphql,200,OK,8,613,118
252,Mon Nov 24 21:53:10 CET 2025,Mon Nov 24 21:53:10 CET 2025,POST,http://127.0.0.1:4000/graphql,200,OK,8,613,117
253,Mon Nov 24 21:53:10 CET 2025,Mon Nov 24 21:53:10 CET 2025,POST,http://127.0.0.1:4000/graphql,200,OK,8,613,119
254,Mon Nov 24 21:53:10 CET 2025,Mon Nov 24 21:53:10 CET 2025,POST,http://127.0.0.1:4000/graphql,200,OK,10,612,79
255,Mon Nov 24 21:53:10 CET 2025,Mon Nov 24 21:53:10 CET 2025,POST,http://127.0.0.1:4000/graphql,200,OK,9,613,173
256,Mon Nov 24 21:53:10 CET 2025,Mon Nov 24 21:53:10 CET 2025,POST,http://127.0.0.1:4000/graphql,200,OK,8,613,172
257,Mon Nov 24 21:53:10 CET 2025,Mon Nov 24 21:53:10 CET 2025,POST,http://127.0.0.1:4000/graphql,200,OK,7,613,166
258,Mon Nov 24 21:53:10 CET 2025,Mon Nov 24 21:53:10 CET 2025,POST,http://127.0.0.1:4000/graphql,200,OK,7,613,172
259,Mon Nov 24 21:53:10 CET 2025,Mon Nov 24 21:53:10 CET 2025,POST,http://127.0.0.1:4000/graphql,200,OK,8,613,172
260,Mon Nov 24 21:53:10 CET 2025,Mon Nov 24 21:53:10 CET 2025,POST,http://127.0.0.1:4000/graphql,200,OK,14,613,117
261,Mon Nov 24 21:53:10 CET 2025,Mon Nov 24 21:53:10 CET 2025,POST,http://127.0.0.1:4000/graphql,200,OK,14,613,174
262,Mon Nov 24 21:53:10 CET 2025,Mon Nov 24 21:53:10 CET 2025,POST,http://127.0.0.1:4000/graphql,200,OK,12,613,172
263,Mon Nov 24 21:53:10 CET 2025,Mon Nov 24 21:53:10 CET 2025,POST,http://127.0.0.1:4000/graphql,200,OK,8,613,117
264,Mon Nov 24 21:53:10 CET 2025,Mon Nov 24 21:53:10 CET 2025,POST,http://127.0.0.1:4000/graphql,200,OK,8,613,171
265,Mon Nov 24 21:53:10 CET 2025,Mon Nov 24 21:53:10 CET 2025,POST,http://127.0.0.1:4000/graphql,200,OK,8,613,120
266,Mon Nov 24 21:53:10 CET 2025,Mon Nov 24 21:53:10 CET 2025,POST,http://127.0.0.1:4000/graphql,200,OK,9,613,119
267,Mon Nov 24 21:53:10 CET 2025,Mon Nov 24 21:53:10 CET 2025,POST,http://127.0.0.1:4000/graphql,200,OK,8,613,128
268,Mon Nov 24 21:53:10 CET 2025,Mon Nov 24 21:53:10 CET 2025,POST,http://127.0.0.1:4000/graphql,200,OK,8,613,112
269,Mon Nov 24 21:53:10 CET 2025,Mon Nov 24 21:53:10 CET 2025,POST,http://127.0.0.1:4000/graphql,200,OK,8,613,119
270,Mon Nov 24 21:53:10 CET 2025,Mon Nov 24 21:53:10 CET 2025,POST,http://127.0.0.1:4000/graphql,200,OK,8,613,118
271,Mon Nov 24 21:53:10 CET 2025,Mon Nov 24 21:53:10 CET 2025,POST,http://127.0.0.1:4000/graphql,200,OK,8,613,112
272,Mon Nov 24 21:53:10 CET 2025,Mon Nov 24 21:53:10 CET 2025,POST,http://127.0.0.1:4000/graphql,200,OK,8,613,119
273,Mon Nov 24 21:53:10 CET 2025,Mon Nov 24 21:53:10 CET 2025,POST,http://127.0.0.1:4000/graphql,200,OK,7,613,118
274,Mon Nov 24 21:53:10 CET 2025,Mon Nov 24 21:53:10 CET 2025,POST,http://127.0.0.1:4000/graphql,200,OK,8,613,112
275,Mon Nov 24 21:53:10 CET 2025,Mon Nov 24 21:53:10 CET 2025,POST,http://127.0.0.1:4000/graphql,200,OK,9,613,120
276,Mon Nov 24 21:53:10 CET 2025,Mon Nov 24 21:53:10 CET 2025,POST,http://127.0.0.1:4000/graphql,200,OK,7,613,119
277,Mon Nov 24 21:53:10 CET 2025,Mon Nov 24 21:53:10 CET 2025,POST,http://127.0.0.1:4000/graphql,200,OK,8,613,128
278,Mon Nov 24 21:53:10 CET 2025,Mon Nov 24 21:53:10 CET 2025,POST,http://127.0.0.1:4000/graphql,200,OK,8,613,112
279,Mon Nov 24 21:53:10 CET 2025,Mon Nov 24 21:53:10 CET 2025,POST,http://127.0.0.1:4000/graphql,200,OK,8,613,119
280,Mon Nov 24 21:53:10 CET 2025,Mon Nov 24 21:53:10 CET 2025,POST,http://127.0.0.1:4000/graphql,200,OK,8,613,118
281,Mon Nov 24 21:53:11 CET 2025,Mon Nov 24 21:53:11 CET 2025,POST,http://127.0.0.1:4000/graphql,200,OK,9,613,112
282,Mon Nov 24 21:53:11 CET 2025,Mon Nov 24 21:53:11 CET 2025,POST,http://127.0.0.1:4000/graphql,200,OK,10,613,119
283,Mon Nov 24 21:53:11 CET 2025,Mon Nov 24 21:53:11 CET 2025,POST,http://127.0.0.1:4000/graphql,200,OK,9,613,118
284,Mon Nov 24 21:53:11 CET 2025,Mon Nov 24 21:53:11 CET 2025,POST,http://127.0.0.1:4000/graphql,200,OK,8,613,112
285,Mon Nov 24 21:53:11 CET 2025,Mon Nov 24 21:53:11 CET 2025,POST,http://127.0.0.1:4000/graphql,200,OK,8,613,169
286,Mon Nov 24 21:53:11 CET 2025,Mon Nov 24 21:53:11 CET 2025,POST,http://127.0.0.1:4000/graphql,200,OK,8,613,169
287,Mon Nov 24 21:53:11 CET 2025,Mon Nov 24 21:53:11 CET 2025,POST,http://127.0.0.1:4000/graphql,200,OK,8,613,173
288,Mon Nov 24 21:53:11 CET 2025,Mon Nov 24 21:53:11 CET 2025,POST,http://127.0.0.1:4000/graphql,200,OK,8,613,164
289,Mon Nov 24 21:53:11 CET 2025,Mon Nov 24 21:53:11 CET 2025,POST,http://127.0.0.1:4000/graphql,200,OK,9,613,166
290,Mon Nov 24 21:53:11 CET 2025,Mon Nov 24 21:53:11 CET 2025,POST,http://127.0.0.1:4000/graphql,200,OK,9,613,173
291,Mon Nov 24 21:53:11 CET 2025,Mon Nov 24 21:53:11 CET 2025,POST,http://127.0.0.1:4000/graphql,200,OK,9,613,172
292,Mon Nov 24 21:53:11 CET 2025,Mon Nov 24 21:53:11 CET 2025,POST,http://127.0.0.1:4000/graphql,200,OK,9,613,173
293,Mon Nov 24 21:53:11 CET 2025,Mon Nov 24 21:53:11 CET 2025,POST,http://127.0.0.1:4000/graphql,200,OK,8,613,172
294,Mon Nov 24 21:53:11 CET 2025,Mon Nov 24 21:53:11 CET 2025,POST,http://127.0.0.1:4000/graphql,200,OK,9,613,172
295,Mon Nov 24 21:53:11 CET 2025,Mon Nov 24 21:53:11 CET 2025,POST,http://127.0.0.1:4000/graphql,200,OK,9,613,120
296,Mon Nov 24 21:53:11 CET 2025,Mon Nov 24 21:53:11 CET 2025,POST,http://127.0.0.1:4000/graphql,200,OK,8,613,120
297,Mon Nov 24 21:53:11 CET 2025,Mon Nov 24 21:53:11 CET 2025,POST,http://127.0.0.1:4000/graphql,200,OK,9,612,96
298,Mon Nov 24 21:53:11 CET 2025,Mon Nov 24 21:53:11 CET 2025,POST,http://127.0.0.1:4000/graphql,200,OK,9,613,115
299,Mon Nov 24 21:53:11 CET 2025,Mon Nov 24 21:53:11 CET 2025,POST,http://127.0.0.1:4000/graphql,200,OK,8,613,114
300,Mon Nov 24 21:53:11 CET 2025,Mon Nov 24 21:53:11 CET 2025,POST,http://127.0.0.1:4000/graphql,200,OK,8,613,120
301,Mon Nov 24 21:53:11 CET 2025,Mon Nov 24 21:53:11 CET 2025,POST,http://127.0.0.1:4000/graphql,200,OK,8,613,119
302,Mon Nov 24 21:53:11 CET 2025,Mon Nov 24 21:53:11 CET 2025,POST,http://127.0.0.1:4000/graphql,200,OK,8,613,116
303,Mon Nov 24 21:53:11 CET 2025,Mon Nov 24 21:53:11 CET 2025,POST,http://127.0.0.1:4000/graphql,200,OK,8,613,124
304,Mon Nov 24 21:53:11 CET 2025,Mon Nov 24 21:53:11 CET 2025,POST,http://127.0.0.1:4000/graphql,200,OK,7,613,119
305,Mon Nov 24 21:53:11 CET 2025,Mon Nov 24 21:53:11 CET 2025,POST,http://127.0.0.1:4000/graphql,200,OK,8,613,120
306,Mon Nov 24 21:53:11 CET 2025,Mon Nov 24 21:53:11 CET 2025,POST,http://127.0.0.1:4000/graphql,200,OK,7,613,120
307,Mon Nov 24 21:53:11 CET 2025,Mon Nov 24 21:53:11 CET 2025,POST,http://127.0.0.1:4000/graphql,200,OK,9,612,96
308,Mon Nov 24 21:53:11 CET 2025,Mon Nov 24 21:53:11 CET 2025,POST,http://127.0.0.1:4000/graphql,200,OK,8,613,115
309,Mon Nov 24 21:53:11 CET 2025,Mon Nov 24 21:53:11 CET 2025,POST,http://127.0.0.1:4000/graphql,200,OK,8,613,114
310,Mon Nov 24 21:53:11 CET 2025,Mon Nov 24 21:53:11 CET 2025,POST,http://127.0.0.1:4000/graphql,200,OK,8,613,120
311,Mon Nov 24 21:53:11 CET 2025,Mon Nov 24 21:53:11 CET 2025,POST,http://127.0.0.1:4000/graphql,200,OK,8,613,119
312,Mon Nov 24 21:53:11 CET 2025,Mon Nov 24 21:53:11 CET 2025,POST,http://127.0.0.1:4000/graphql,200,OK,7,613,116
313,Mon Nov 24 21:53:11 CET 2025,Mon Nov 24 21:53:11 CET 2025,POST,http://127.0.0.1:4000/graphql,200,OK,9,613,124
314,Mon Nov 24 21:53:11 CET 2025,Mon Nov 24 21:53:11 CET 2025,POST,http://127.0.0.1:4000/graphql,200,OK,8,613,119
315,Mon Nov 24 21:53:11 CET 2025,Mon Nov 24 21:53:11 CET 2025,POST,http://127.0.0.1:4000/graphql,200,OK,7,613,164
316,Mon Nov 24 21:53:11 CET 2025,Mon Nov 24 21:53:11 CET 2025,POST,http://127.0.0.1:4000/graphql,200,OK,9,613,173
317,Mon Nov 24 21:53:11 CET 2025,Mon Nov 24 21:53:11 CET 2025,POST,http://127.0.0.1:4000/graphql,200,OK,8,613,172
318,Mon Nov 24 21:53:11 CET 2025,Mon Nov 24 21:53:11 CET 2025,POST,http://127.0.0.1:4000/graphql,200,OK,7,613,166
319,Mon Nov 24 21:53:11 CET 2025,Mon Nov 24 21:53:11 CET 2025,POST,http://127.0.0.1:4000/graphql,200,OK,8,613,172
320,Mon Nov 24 21:53:11 CET 2025,Mon Nov 24 21:53:11 CET 2025,POST,http://127.0.0.1:4000/graphql,200,OK,8,613,115
321,Mon Nov 24 21:53:11 CET 2025,Mon Nov 24 21:53:11 CET 2025,POST,http://127.0.0.1:4000/graphql,200,OK,8,613,120
322,Mon Nov 24 21:53:11 CET 2025,Mon Nov 24 21:53:11 CET 2025,POST,http://127.0.0.1:4000/graphql,200,OK,9,613,119
323,Mon Nov 24 21:53:11 CET 2025,Mon Nov 24 21:53:11 CET 2025,POST,http://127.0.0.1:4000/graphql,200,OK,8,613,143
324,Mon Nov 24 21:53:11 CET 2025,Mon Nov 24 21:53:11 CET 2025,POST,http://127.0.0.1:4000/graphql,200,OK,8,613,124
325,Mon Nov 24 21:53:11 CET 2025,Mon Nov 24 21:53:11 CET 2025,POST,http://127.0.0.1:4000/graphql,200,OK,8,613,115
326,Mon Nov 24 21:53:11 CET 2025,Mon Nov 24 21:53:11 CET 2025,POST,http://127.0.0.1:4000/graphql,200,OK,8,613,120
327,Mon Nov 24 21:53:11 CET 2025,Mon Nov 24 21:53:11 CET 2025,POST,http://127.0.0.1:4000/graphql,200,OK,8,613,119
328,Mon Nov 24 21:53:11 CET 2025,Mon Nov 24 21:53:11 CET 2025,POST,http://127.0.0.1:4000/graphql,200,OK,7,613,143
329,Mon Nov 24 21:53:11 CET 2025,Mon Nov 24 21:53:11 CET 2025,POST,http://127.0.0.1:4000/graphql,200,OK,9,613,124
330,Mon Nov 24 21:53:11 CET 2025,Mon Nov 24 21:53:11 CET 2025,POST,http://127.0.0.1:4000/graphql,200,OK,8,613,171
331,Mon Nov 24 21:53:11 CET 2025,Mon Nov 24 21:53:11 CET 2025,POST,http://127.0.0.1:4000/graphql,200,OK,8,613,171
332,Mon Nov 24 21:53:11 CET 2025,Mon Nov 24 21:53:11 CET 2025,POST,http://127.0.0.1:4000/graphql,200,OK,7,613,169
333,Mon Nov 24 21:53:11 CET 2025,Mon Nov 24 21:53:11 CET 2025,POST,http://127.0.0.1:4000/graphql,200,OK,7,613,116
334,Mon Nov 24 21:53:11 CET 2025,Mon Nov 24 21:53:11 CET 2025,POST,http://127.0.0.1:4000/graphql,200,OK,8,613,173
335,Mon Nov 24 21:53:11 CET 2025,Mon Nov 24 21:53:11 CET 2025,POST,http://127.0.0.1:4000/graphql,200,OK,8,613,122
336,Mon Nov 24 21:53:11 CET 2025,Mon Nov 24 21:53:11 CET 2025,POST,http://127.0.0.1:4000/graphql,200,OK,8,613,122
337,Mon Nov 24 21:53:11 CET 2025,Mon Nov 24 21:53:11 CET 2025,POST,http://127.0.0.1:4000/graphql,200,OK,8,613,120
338,Mon Nov 24 21:53:11 CET 2025,Mon Nov 24 21:53:11 CET 2025,POST,http://127.0.0.1:4000/graphql,200,OK,7,613,118
339,Mon Nov 24 21:53:11 CET 2025,Mon Nov 24 21:53:11 CET 2025,POST,http://127.0.0.1:4000/graphql,200,OK,10,613,120
340,Mon Nov 24 21:53:11 CET 2025,Mon Nov 24 21:53:11 CET 2025,POST,http://127.0.0.1:4000/graphql,200,OK,10,613,122
341,Mon Nov 24 21:53:11 CET 2025,Mon Nov 24 21:53:11 CET 2025,POST,http://127.0.0.1:4000/graphql,200,OK,10,613,122
342,Mon Nov 24 21:53:11 CET 2025,Mon Nov 24 21:53:11 CET 2025,POST,http://127.0.0.1:4000/graphql,200,OK,8,613,120
343,Mon Nov 24 21:53:11 CET 2025,Mon Nov 24 21:53:11 CET 2025,POST,http://127.0.0.1:4000/graphql,200,OK,8,613,118
344,Mon Nov 24 21:53:11 CET 2025,Mon Nov 24 21:53:11 CET 2025,POST,http://127.0.0.1:4000/graphql,200,OK,8,613,120
345,Mon Nov 24 21:53:11 CET 2025,Mon Nov 24 21:53:11 CET 2025,POST,http://127.0.0.1:4000/graphql,200,OK,10,612,79
346,Mon Nov 24 21:53:11 CET 2025,Mon Nov 24 21:53:11 CET 2025,POST,http://127.0.0.1:4000/graphql,200,OK,10,612,79
347,Mon Nov 24 21:53:11 CET 2025,Mon Nov 24 21:53:11 CET 2025,POST,http://127.0.0.1:4000/graphql,200,OK,8,613,171
348,Mon Nov 24 21:53:11 CET 2025,Mon Nov 24 21:53:11 CET 2025,POST,http://127.0.0.1:4000/graphql,200,OK,7,613,171
349,Mon Nov 24 21:53:11 CET 2025,Mon Nov 24 21:53:11 CET 2025,POST,http://127.0.0.1:4000/graphql,200,OK,8,613,171
350,Mon Nov 24 21:53:11 CET 2025,Mon Nov 24 21:53:11 CET 2025,POST,http://127.0.0.1:4000/graphql,200,OK,8,613,161
351,Mon Nov 24 21:53:11 CET 2025,Mon Nov 24 21:53:11 CET 2025,POST,http://127.0.0.1:4000/graphql,200,OK,8,613,171
352,Mon Nov 24 21:53:11 CET 2025,Mon Nov 24 21:53:11 CET 2025,POST,http://127.0.0.1:4000/graphql,200,OK,9,613,171
353,Mon Nov 24 21:53:11 CET 2025,Mon Nov 24 21:53:11 CET 2025,POST,http://127.0.0.1:4000/graphql,200,OK,8,613,227
354,Mon Nov 24 21:53:11 CET 2025,Mon Nov 24 21:53:11 CET 2025,POST,http://127.0.0.1:4000/graphql,200,OK,9,612,79
355,Mon Nov 24 21:53:11 CET 2025,Mon Nov 24 21:53:11 CET 2025,POST,http://127.0.0.1:4000/graphql,200,OK,9,612,79
356,Mon Nov 24 21:53:11 CET 2025,Mon Nov 24 21:53:11 CET 2025,POST,http://127.0.0.1:4000/graphql,200,OK,8,613,115
357,Mon Nov 24 21:53:11 CET 2025,Mon Nov 24 21:53:11 CET 2025,POST,http://127.0.0.1:4000/graphql,200,OK,8,613,115
358,Mon Nov 24 21:53:11 CET 2025,Mon Nov 24 21:53:11 CET 2025,POST,http://127.0.0.1:4000/graphql,200,OK,11,613,115
359,Mon Nov 24 21:53:11 CET 2025,Mon Nov 24 21:53:11 CET 2025,POST,http://127.0.0.1:4000/graphql,200,OK,10,613,392
360,Mon Nov 24 21:53:11 CET 2025,Mon Nov 24 21:53:11 CET 2025,POST,http://127.0.0.1:4000/graphql,200,OK,8,613,115
361,Mon Nov 24 21:53:11 CET 2025,Mon Nov 24 21:53:11 CET 2025,POST,http://127.0.0.1:4000/graphql,200,OK,18,613,115
362,Mon Nov 24 21:53:11 CET 2025,Mon Nov 24 21:53:11 CET 2025,POST,http://127.0.0.1:4000/graphql,200,OK,16,613,394
363,Mon Nov 24 21:53:11 CET 2025,Mon Nov 24 21:53:11 CET 2025,POST,http://127.0.0.1:4000/graphql,200,OK,9,612,79
364,Mon Nov 24 21:53:11 CET 2025,Mon Nov 24 21:53:11 CET 2025,POST,http://127.0.0.1:4000/graphql,200,OK,10,612,79
365,Mon Nov 24 21:53:11 CET 2025,Mon Nov 24 21:53:11 CET 2025,POST,http://127.0.0.1:4000/graphql,200,OK,8,613,115
366,Mon Nov 24 21:53:11 CET 2025,Mon Nov 24 21:53:11 CET 2025,POST,http://127.0.0.1:4000/graphql,200,OK,8,613,115
367,Mon Nov 24 21:53:11 CET 2025,Mon Nov 24 21:53:11 CET 2025,POST,http://127.0.0.1:4000/graphql,200,OK,8,613,115
368,Mon Nov 24 21:53:11 CET 2025,Mon Nov 24 21:53:11 CET 2025,POST,http://127.0.0.1:4000/graphql,200,OK,8,613,115
369,Mon Nov 24 21:53:11 CET 2025,Mon Nov 24 21:53:11 CET 2025,POST,http://127.0.0.1:4000/graphql,200,OK,8,613,115
370,Mon Nov 24 21:53:11 CET 2025,Mon Nov 24 21:53:11 CET 2025,POST,http://127.0.0.1:4000/graphql,200,OK,9,613,176
371,Mon Nov 24 21:53:11 CET 2025,Mon Nov 24 21:53:11 CET 2025,POST,http://127.0.0.1:4000/graphql,200,OK,9,613,172
372,Mon Nov 24 21:53:11 CET 2025,Mon Nov 24 21:53:11 CET 2025,POST,http://127.0.0.1:4000/graphql,200,OK,8,613,117
373,Mon Nov 24 21:53:11 CET 2025,Mon Nov 24 21:53:11 CET 2025,POST,http://127.0.0.1:4000/graphql,200,OK,8,613,166
374,Mon Nov 24 21:53:11 CET 2025,Mon Nov 24 21:53:11 CET 2025,POST,http://127.0.0.1:4000/graphql,200,OK,8,613,166
375,Mon Nov 24 21:53:11 CET 2025,Mon Nov 24 21:53:11 CET 2025,POST,http://127.0.0.1:4000/graphql,200,OK,8,613,166
376,Mon Nov 24 21:53:11 CET 2025,Mon Nov 24 21:53:11 CET 2025,POST,http://127.0.0.1:4000/graphql,200,OK,7,613,166
377,Mon Nov 24 21:53:11 CET 2025,Mon Nov 24 21:53:11 CET 2025,POST,http://127.0.0.1:4000/graphql,200,OK,7,613,166
378,Mon Nov 24 21:53:11 CET 2025,Mon Nov 24 21:53:12 CET 2025,POST,http://127.0.0.1:4000/graphql,200,OK,8,613,166
379,Mon Nov 24 21:53:12 CET 2025,Mon Nov 24 21:53:12 CET 2025,POST,http://127.0.0.1:4000/graphql,200,OK,7,613,166
380,Mon Nov 24 21:53:12 CET 2025,Mon Nov 24 21:53:12 CET 2025,POST,http://127.0.0.1:4000/graphql,200,OK,8,613,123
381,Mon Nov 24 21:53:12 CET 2025,Mon Nov 24 21:53:12 CET 2025,POST,http://127.0.0.1:4000/graphql,200,OK,8,613,119
382,Mon Nov 24 21:53:12 CET 2025,Mon Nov 24 21:53:12 CET 2025,POST,http://127.0.0.1:4000/graphql,200,OK,8,613,118
383,Mon Nov 24 21:53:12 CET 2025,Mon Nov 24 21:53:12 CET 2025,POST,http://127.0.0.1:4000/graphql,200,OK,8,613,120
384,Mon Nov 24 21:53:12 CET 2025,Mon Nov 24 21:53:12 CET 2025,POST,http://127.0.0.1:4000/graphql,200,OK,8,613,120
385,Mon Nov 24 21:53:12 CET 2025,Mon Nov 24 21:53:12 CET 2025,POST,http://127.0.0.1:4000/graphql,200,OK,9,613,118
386,Mon Nov 24 21:53:12 CET 2025,Mon Nov 24 21:53:12 CET 2025,POST,http://127.0.0.1:4000/graphql,200,OK,8,613,114
387,Mon Nov 24 21:53:12 CET 2025,Mon Nov 24 21:53:12 CET 2025,POST,http://127.0.0.1:4000/graphql,200,OK,8,613,114
388,Mon Nov 24 21:53:12 CET 2025,Mon Nov 24 21:53:12 CET 2025,POST,http://127.0.0.1:4000/graphql,200,OK,7,613,114
389,Mon Nov 24 21:53:12 CET 2025,Mon Nov 24 21:53:12 CET 2025,POST,http://127.0.0.1:4000/graphql,200,OK,8,613,120
390,Mon Nov 24 21:53:12 CET 2025,Mon Nov 24 21:53:12 CET 2025,POST,http://127.0.0.1:4000/graphql,200,OK,8,613,123
391,Mon Nov 24 21:53:12 CET 2025,Mon Nov 24 21:53:12 CET 2025,POST,http://127.0.0.1:4000/graphql,200,OK,8,613,119
392,Mon Nov 24 21:53:12 CET 2025,Mon Nov 24 21:53:12 CET 2025,POST,http://127.0.0.1:4000/graphql,200,OK,8,613,118
393,Mon Nov 24 21:53:12 CET 2025,Mon Nov 24 21:53:12 CET 2025,POST,http://127.0.0.1:4000/graphql,200,OK,7,613,120
394,Mon Nov 24 21:53:12 CET 2025,Mon Nov 24 21:53:12 CET 2025,POST,http://127.0.0.1:4000/graphql,200,OK,9,613,120
395,Mon Nov 24 21:53:12 CET 2025,Mon Nov 24 21:53:12 CET 2025,POST,http://127.0.0.1:4000/graphql,200,OK,8,613,118
396,Mon Nov 24 21:53:12 CET 2025,Mon Nov 24 21:53:12 CET 2025,POST,http://127.0.0.1:4000/graphql,200,OK,8,613,114
397,Mon Nov 24 21:53:12 CET 2025,Mon Nov 24 21:53:12 CET 2025,POST,http://127.0.0.1:4000/graphql,200,OK,7,613,114
398,Mon Nov 24 21:53:12 CET 2025,Mon Nov 24 21:53:12 CET 2025,POST,http://127.0.0.1:4000/graphql,200,OK,8,613,114
399,Mon Nov 24 21:53:12 CET 2025,Mon Nov 24 21:53:12 CET 2025,POST,http://127.0.0.1:4000/graphql,200,OK,8,613,120
400,Mon Nov 24 21:53:12 CET 2025,Mon Nov 24 21:53:12 CET 2025,GET,http://127.0.0.1:4000/graphql?class.module.classLoader.DefaultAssertionStatus=nonsense,404,Not Found,9,185,6674
401,Mon Nov 24 21:53:12 CET 2025,Mon Nov 24 21:53:12 CET 2025,POST,http://127.0.0.1:4000/graphql,200,OK,8,612,54
402,Mon Nov 24 21:53:12 CET 2025,Mon Nov 24 21:53:12 CET 2025,POST,http://127.0.0.1:4000/graphql,200,OK,8,613,164
403,Mon Nov 24 21:53:12 CET 2025,Mon Nov 24 21:53:12 CET 2025,POST,http://127.0.0.1:4000/graphql,200,OK,8,613,169
404,Mon Nov 24 21:53:12 CET 2025,Mon Nov 24 21:53:12 CET 2025,POST,http://127.0.0.1:4000/graphql,200,OK,8,613,166
405,Mon Nov 24 21:53:12 CET 2025,Mon Nov 24 21:53:12 CET 2025,POST,http://127.0.0.1:4000/graphql,200,OK,8,613,166
406,Mon Nov 24 21:53:12 CET 2025,Mon Nov 24 21:53:12 CET 2025,POST,http://127.0.0.1:4000/graphql,200,OK,8,613,169
407,Mon Nov 24 21:53:12 CET 2025,Mon Nov 24 21:53:12 CET 2025,POST,http://127.0.0.1:4000/graphql,200,OK,8,613,164
408,Mon Nov 24 21:53:12 CET 2025,Mon Nov 24 21:53:12 CET 2025,POST,http://127.0.0.1:4000/graphql,200,OK,8,613,169
409,Mon Nov 24 21:53:12 CET 2025,Mon Nov 24 21:53:12 CET 2025,POST,http://127.0.0.1:4000/graphql,200,OK,8,613,175
410,Mon Nov 24 21:53:12 CET 2025,Mon Nov 24 21:53:12 CET 2025,POST,http://127.0.0.1:4000/graphql,200,OK,9,613,430
411,Mon Nov 24 21:53:12 CET 2025,Mon Nov 24 21:53:12 CET 2025,POST,http://127.0.0.1:4000/graphql,200,OK,8,613,120
412,Mon Nov 24 21:53:12 CET 2025,Mon Nov 24 21:53:12 CET 2025,POST,http://127.0.0.1:4000/graphql,200,OK,12,613,114
413,Mon Nov 24 21:53:12 CET 2025,Mon Nov 24 21:53:12 CET 2025,POST,http://127.0.0.1:4000/graphql,200,OK,9,613,114
414,Mon Nov 24 21:53:12 CET 2025,Mon Nov 24 21:53:12 CET 2025,POST,http://127.0.0.1:4000/graphql,200,OK,8,613,120
415,Mon Nov 24 21:53:12 CET 2025,Mon Nov 24 21:53:12 CET 2025,POST,http://127.0.0.1:4000/graphql,400,Bad Request,11,186,941
416,Mon Nov 24 21:53:12 CET 2025,Mon Nov 24 21:53:12 CET 2025,POST,http://127.0.0.1:4000/graphql,200,OK,8,613,120
417,Mon Nov 24 21:53:12 CET 2025,Mon Nov 24 21:53:12 CET 2025,POST,http://127.0.0.1:4000/graphql,400,Bad Request,6,186,935
418,Mon Nov 24 21:53:12 CET 2025,Mon Nov 24 21:53:12 CET 2025,POST,http://127.0.0.1:4000/graphql,200,OK,9,613,422
419,Mon Nov 24 21:53:12 CET 2025,Mon Nov 24 21:53:12 CET 2025,POST,http://127.0.0.1:4000/graphql,200,OK,8,613,120
420,Mon Nov 24 21:53:12 CET 2025,Mon Nov 24 21:53:12 CET 2025,POST,http://127.0.0.1:4000/graphql,200,OK,8,613,114
421,Mon Nov 24 21:53:12 CET 2025,Mon Nov 24 21:53:12 CET 2025,POST,http://127.0.0.1:4000/graphql,200,OK,8,613,114
422,Mon Nov 24 21:53:12 CET 2025,Mon Nov 24 21:53:12 CET 2025,POST,http://127.0.0.1:4000/graphql,200,OK,8,613,120
423,Mon Nov 24 21:53:12 CET 2025,Mon Nov 24 21:53:12 CET 2025,POST,http://127.0.0.1:4000/graphql,400,Bad Request,6,186,941
424,Mon Nov 24 21:53:12 CET 2025,Mon Nov 24 21:53:12 CET 2025,POST,http://127.0.0.1:4000/graphql,200,OK,8,613,120
425,Mon Nov 24 21:53:12 CET 2025,Mon Nov 24 21:53:12 CET 2025,POST,http://127.0.0.1:4000/graphql,400,Bad Request,6,186,935
426,Mon Nov 24 21:53:12 CET 2025,Mon Nov 24 21:53:12 CET 2025,POST,http://127.0.0.1:4000/graphql,200,OK,8,613,170
427,Mon Nov 24 21:53:12 CET 2025,Mon Nov 24 21:53:12 CET 2025,POST,http://127.0.0.1:4000/graphql,200,OK,8,613,168
428,Mon Nov 24 21:53:12 CET 2025,Mon Nov 24 21:53:12 CET 2025,POST,http://127.0.0.1:4000/graphql,200,OK,8,613,172
429,Mon Nov 24 21:53:12 CET 2025,Mon Nov 24 21:53:12 CET 2025,POST,http://127.0.0.1:4000/graphql,200,OK,8,613,166
430,Mon Nov 24 21:53:12 CET 2025,Mon Nov 24 21:53:12 CET 2025,POST,http://127.0.0.1:4000/graphql,200,OK,9,613,166
431,Mon Nov 24 21:53:12 CET 2025,Mon Nov 24 21:53:12 CET 2025,POST,http://127.0.0.1:4000/graphql,200,OK,8,613,172
432,Mon Nov 24 21:53:12 CET 2025,Mon Nov 24 21:53:12 CET 2025,POST,http://127.0.0.1:4000/graphql,200,OK,8,613,172
433,Mon Nov 24 21:53:12 CET 2025,Mon Nov 24 21:53:12 CET 2025,POST,http://127.0.0.1:4000/graphql,200,OK,7,613,116
434,Mon Nov 24 21:53:12 CET 2025,Mon Nov 24 21:53:12 CET 2025,POST,http://127.0.0.1:4000/graphql,200,OK,9,613,168
435,Mon Nov 24 21:53:12 CET 2025,Mon Nov 24 21:53:12 CET 2025,POST,http://127.0.0.1:4000/graphql,200,OK,8,613,164
436,Mon Nov 24 21:53:12 CET 2025,Mon Nov 24 21:53:12 CET 2025,POST,http://127.0.0.1:4000/graphql,200,OK,8,613,117
437,Mon Nov 24 21:53:12 CET 2025,Mon Nov 24 21:53:12 CET 2025,POST,http://127.0.0.1:4000/graphql,200,OK,8,613,117
438,Mon Nov 24 21:53:12 CET 2025,Mon Nov 24 21:53:12 CET 2025,POST,http://127.0.0.1:4000/graphql,200,OK,8,613,172
439,Mon Nov 24 21:53:12 CET 2025,Mon Nov 24 21:53:12 CET 2025,POST,http://127.0.0.1:4000/graphql,200,OK,9,613,172
440,Mon Nov 24 21:53:12 CET 2025,Mon Nov 24 21:53:12 CET 2025,POST,http://127.0.0.1:4000/graphql,200,OK,8,613,170
441,Mon Nov 24 21:53:12 CET 2025,Mon Nov 24 21:53:12 CET 2025,POST,http://127.0.0.1:4000/graphql,200,OK,7,613,172
442,Mon Nov 24 21:53:12 CET 2025,Mon Nov 24 21:53:12 CET 2025,POST,http://127.0.0.1:4000/graphql,200,OK,7,613,117
443,Mon Nov 24 21:53:12 CET 2025,Mon Nov 24 21:53:12 CET 2025,POST,http://127.0.0.1:4000/graphql,200,OK,7,613,172
444,Mon Nov 24 21:53:12 CET 2025,Mon Nov 24 21:53:12 CET 2025,POST,http://127.0.0.1:4000/graphql,200,OK,7,613,172
445,Mon Nov 24 21:53:12 CET 2025,Mon Nov 24 21:53:12 CET 2025,POST,http://127.0.0.1:4000/graphql,200,OK,8,613,120
446,Mon Nov 24 21:53:12 CET 2025,Mon Nov 24 21:53:12 CET 2025,POST,http://127.0.0.1:4000/graphql,200,OK,8,613,116
447,Mon Nov 24 21:53:12 CET 2025,Mon Nov 24 21:53:12 CET 2025,POST,http://127.0.0.1:4000/graphql,200,OK,18,613,119
448,Mon Nov 24 21:53:12 CET 2025,Mon Nov 24 21:53:12 CET 2025,POST,http://127.0.0.1:4000/graphql,200,OK,14,613,140
449,Mon Nov 24 21:53:12 CET 2025,Mon Nov 24 21:53:12 CET 2025,POST,http://127.0.0.1:4000/graphql,200,OK,8,613,130
450,Mon Nov 24 21:53:12 CET 2025,Mon Nov 24 21:53:12 CET 2025,POST,http://127.0.0.1:4000/graphql,200,OK,7,613,119
451,Mon Nov 24 21:53:12 CET 2025,Mon Nov 24 21:53:12 CET 2025,POST,http://127.0.0.1:4000/graphql,200,OK,8,613,119
452,Mon Nov 24 21:53:12 CET 2025,Mon Nov 24 21:53:12 CET 2025,POST,http://127.0.0.1:4000/graphql,200,OK,8,613,120
453,Mon Nov 24 21:53:12 CET 2025,Mon Nov 24 21:53:12 CET 2025,POST,http://127.0.0.1:4000/graphql,200,OK,8,613,116
454,Mon Nov 24 21:53:12 CET 2025,Mon Nov 24 21:53:12 CET 2025,POST,http://127.0.0.1:4000/graphql,200,OK,8,613,112
455,Mon Nov 24 21:53:12 CET 2025,Mon Nov 24 21:53:12 CET 2025,POST,http://127.0.0.1:4000/graphql,200,OK,8,613,118
456,Mon Nov 24 21:53:12 CET 2025,Mon Nov 24 21:53:12 CET 2025,POST,http://127.0.0.1:4000/graphql,200,OK,8,613,118
457,Mon Nov 24 21:53:12 CET 2025,Mon Nov 24 21:53:12 CET 2025,POST,http://127.0.0.1:4000/graphql,200,OK,8,613,119
458,Mon Nov 24 21:53:12 CET 2025,Mon Nov 24 21:53:12 CET 2025,POST,http://127.0.0.1:4000/graphql,200,OK,7,613,119
459,Mon Nov 24 21:53:12 CET 2025,Mon Nov 24 21:53:12 CET 2025,POST,http://127.0.0.1:4000/graphql,200,OK,8,613,121
460,Mon Nov 24 21:53:12 CET 2025,Mon Nov 24 21:53:12 CET 2025,POST,http://127.0.0.1:4000/graphql,200,OK,8,613,119
461,Mon Nov 24 21:53:12 CET 2025,Mon Nov 24 21:53:12 CET 2025,POST,http://127.0.0.1:4000/graphql,200,OK,8,613,118
462,Mon Nov 24 21:53:12 CET 2025,Mon Nov 24 21:53:12 CET 2025,POST,http://127.0.0.1:4000/graphql,200,OK,9,613,119
463,Mon Nov 24 21:53:12 CET 2025,Mon Nov 24 21:53:12 CET 2025,POST,http://127.0.0.1:4000/graphql,200,OK,8,613,119
464,Mon Nov 24 21:53:12 CET 2025,Mon Nov 24 21:53:12 CET 2025,POST,http://127.0.0.1:4000/graphql,200,OK,9,613,120
465,Mon Nov 24 21:53:12 CET 2025,Mon Nov 24 21:53:12 CET 2025,POST,http://127.0.0.1:4000/graphql,200,OK,8,613,116
466,Mon Nov 24 21:53:12 CET 2025,Mon Nov 24 21:53:12 CET 2025,POST,http://127.0.0.1:4000/graphql,200,OK,8,613,119
467,Mon Nov 24 21:53:12 CET 2025,Mon Nov 24 21:53:12 CET 2025,POST,http://127.0.0.1:4000/graphql,200,OK,9,613,140
468,Mon Nov 24 21:53:12 CET 2025,Mon Nov 24 21:53:12 CET 2025,POST,http://127.0.0.1:4000/graphql,200,OK,8,613,130
469,Mon Nov 24 21:53:12 CET 2025,Mon Nov 24 21:53:12 CET 2025,POST,http://127.0.0.1:4000/graphql,200,OK,8,613,119
470,Mon Nov 24 21:53:12 CET 2025,Mon Nov 24 21:53:12 CET 2025,POST,http://127.0.0.1:4000/graphql,200,OK,8,613,119
471,Mon Nov 24 21:53:12 CET 2025,Mon Nov 24 21:53:12 CET 2025,POST,http://127.0.0.1:4000/graphql,200,OK,8,613,120
472,Mon Nov 24 21:53:12 CET 2025,Mon Nov 24 21:53:12 CET 2025,POST,http://127.0.0.1:4000/graphql,200,OK,8,613,116
473,Mon Nov 24 21:53:12 CET 2025,Mon Nov 24 21:53:12 CET 2025,POST,http://127.0.0.1:4000/graphql,200,OK,8,613,112
474,Mon Nov 24 21:53:12 CET 2025,Mon Nov 24 21:53:12 CET 2025,POST,http://127.0.0.1:4000/graphql,200,OK,7,613,118
475,Mon Nov 24 21:53:12 CET 2025,Mon Nov 24 21:53:12 CET 2025,POST,http://127.0.0.1:4000/graphql,200,OK,9,613,118
476,Mon Nov 24 21:53:12 CET 2025,Mon Nov 24 21:53:12 CET 2025,POST,http://127.0.0.1:4000/graphql,200,OK,8,613,119
477,Mon Nov 24 21:53:12 CET 2025,Mon Nov 24 21:53:12 CET 2025,POST,http://127.0.0.1:4000/graphql,200,OK,8,613,119
478,Mon Nov 24 21:53:12 CET 2025,Mon Nov 24 21:53:12 CET 2025,POST,http://127.0.0.1:4000/graphql,200,OK,8,613,121
479,Mon Nov 24 21:53:12 CET 2025,Mon Nov 24 21:53:12 CET 2025,POST,http://127.0.0.1:4000/graphql,200,OK,8,613,119
480,Mon Nov 24 21:53:12 CET 2025,Mon Nov 24 21:53:12 CET 2025,POST,http://127.0.0.1:4000/graphql,200,OK,8,613,118
481,Mon Nov 24 21:53:12 CET 2025,Mon Nov 24 21:53:12 CET 2025,POST,http://127.0.0.1:4000/graphql,200,OK,8,613,119
482,Mon Nov 24 21:53:12 CET 2025,Mon Nov 24 21:53:12 CET 2025,POST,http://127.0.0.1:4000/graphql,200,OK,8,613,119
483,Mon Nov 24 21:53:12 CET 2025,Mon Nov 24 21:53:12 CET 2025,POST,http://127.0.0.1:4000/graphql,200,OK,7,613,116
484,Mon Nov 24 21:53:12 CET 2025,Mon Nov 24 21:53:12 CET 2025,POST,http://127.0.0.1:4000/graphql,200,OK,8,613,169
485,Mon Nov 24 21:53:12 CET 2025,Mon Nov 24 21:53:12 CET 2025,POST,http://127.0.0.1:4000/graphql,200,OK,9,613,166
486,Mon Nov 24 21:53:12 CET 2025,Mon Nov 24 21:53:12 CET 2025,POST,http://127.0.0.1:4000/graphql,200,OK,8,613,118
487,Mon Nov 24 21:53:12 CET 2025,Mon Nov 24 21:53:12 CET 2025,POST,http://127.0.0.1:4000/graphql,200,OK,9,613,120
488,Mon Nov 24 21:53:12 CET 2025,Mon Nov 24 21:53:12 CET 2025,POST,http://127.0.0.1:4000/graphql,200,OK,8,613,117
489,Mon Nov 24 21:53:12 CET 2025,Mon Nov 24 21:53:13 CET 2025,POST,http://127.0.0.1:4000/graphql,200,OK,9,613,118
490,Mon Nov 24 21:53:13 CET 2025,Mon Nov 24 21:53:13 CET 2025,POST,http://127.0.0.1:4000/graphql,200,OK,9,613,120
491,Mon Nov 24 21:53:13 CET 2025,Mon Nov 24 21:53:13 CET 2025,POST,http://127.0.0.1:4000/graphql,200,OK,8,613,117
492,Mon Nov 24 21:53:13 CET 2025,Mon Nov 24 21:53:13 CET 2025,POST,http://127.0.0.1:4000/latest/meta-data/,404,Not Found,9,185,6684
493,Mon Nov 24 21:53:13 CET 2025,Mon Nov 24 21:53:13 CET 2025,POST,http://127.0.0.1:4000/latest/meta-data/,403,Forbidden,5,88,6084
494,Mon Nov 24 21:53:13 CET 2025,Mon Nov 24 21:53:13 CET 2025,POST,http://127.0.0.1:4000/graphql,200,OK,12,613,169
495,Mon Nov 24 21:53:13 CET 2025,Mon Nov 24 21:53:13 CET 2025,POST,http://127.0.0.1:4000/computeMetadata/v1/,404,Not Found,14,185,6686
496,Mon Nov 24 21:53:13 CET 2025,Mon Nov 24 21:53:13 CET 2025,POST,http://127.0.0.1:4000/graphql,200,OK,16,613,169
497,Mon Nov 24 21:53:13 CET 2025,Mon Nov 24 21:53:13 CET 2025,POST,http://127.0.0.1:4000/computeMetadata/v1/,403,Forbidden,4,88,6102
498,Mon Nov 24 21:53:13 CET 2025,Mon Nov 24 21:53:13 CET 2025,POST,http://127.0.0.1:4000/opc/v1/instance/,404,Not Found,14,185,6683
499,Mon Nov 24 21:53:13 CET 2025,Mon Nov 24 21:53:13 CET 2025,POST,http://127.0.0.1:4000/graphql,200,OK,16,613,169
500,Mon Nov 24 21:53:13 CET 2025,Mon Nov 24 21:53:13 CET 2025,POST,http://127.0.0.1:4000/opc/v1/instance/,403,Forbidden,3,88,6102
501,Mon Nov 24 21:53:13 CET 2025,Mon Nov 24 21:53:13 CET 2025,POST,http://127.0.0.1:4000/latest/meta-data/,404,Not Found,13,185,6684
502,Mon Nov 24 21:53:13 CET 2025,Mon Nov 24 21:53:13 CET 2025,POST,http://127.0.0.1:4000/graphql,200,OK,16,613,169
503,Mon Nov 24 21:53:13 CET 2025,Mon Nov 24 21:53:13 CET 2025,POST,http://127.0.0.1:4000/latest/meta-data/,403,Forbidden,3,88,6092
504,Mon Nov 24 21:53:13 CET 2025,Mon Nov 24 21:53:13 CET 2025,POST,http://127.0.0.1:4000/graphql,200,OK,15,613,169
505,Mon Nov 24 21:53:13 CET 2025,Mon Nov 24 21:53:13 CET 2025,POST,http://127.0.0.1:4000/metadata/instance,404,Not Found,15,185,6685
506,Mon Nov 24 21:53:13 CET 2025,Mon Nov 24 21:53:13 CET 2025,POST,http://127.0.0.1:4000/graphql,200,OK,10,613,169
507,Mon Nov 24 21:53:13 CET 2025,Mon Nov 24 21:53:13 CET 2025,POST,http://127.0.0.1:4000/graphql,200,OK,9,613,169
508,Mon Nov 24 21:53:13 CET 2025,Mon Nov 24 21:53:13 CET 2025,POST,http://127.0.0.1:4000/graphql,200,OK,8,613,169
509,Mon Nov 24 21:53:13 CET 2025,Mon Nov 24 21:53:13 CET 2025,POST,http://127.0.0.1:4000/graphql,200,OK,7,613,169
510,Mon Nov 24 21:53:13 CET 2025,Mon Nov 24 21:53:13 CET 2025,POST,http://127.0.0.1:4000/graphql,200,OK,7,613,169
511,Mon Nov 24 21:53:13 CET 2025,Mon Nov 24 21:53:13 CET 2025,POST,http://127.0.0.1:4000/graphql,200,OK,8,613,169
512,Mon Nov 24 21:53:13 CET 2025,Mon Nov 24 21:53:13 CET 2025,POST,http://127.0.0.1:4000/graphql,200,OK,7,613,169
513,Mon Nov 24 21:53:13 CET 2025,Mon Nov 24 21:53:13 CET 2025,POST,http://127.0.0.1:4000/graphql,200,OK,8,613,169
514,Mon Nov 24 21:53:13 CET 2025,Mon Nov 24 21:53:13 CET 2025,POST,http://127.0.0.1:4000/graphql,200,OK,9,613,169
515,Mon Nov 24 21:53:13 CET 2025,Mon Nov 24 21:53:13 CET 2025,POST,http://127.0.0.1:4000/graphql,200,OK,8,613,114
516,Mon Nov 24 21:53:13 CET 2025,Mon Nov 24 21:53:13 CET 2025,POST,http://127.0.0.1:4000/graphql,200,OK,8,613,114
517,Mon Nov 24 21:53:13 CET 2025,Mon Nov 24 21:53:13 CET 2025,POST,http://127.0.0.1:4000/graphql,200,OK,7,613,116
518,Mon Nov 24 21:53:13 CET 2025,Mon Nov 24 21:53:13 CET 2025,POST,http://127.0.0.1:4000/graphql,200,OK,8,613,430
519,Mon Nov 24 21:53:13 CET 2025,Mon Nov 24 21:53:13 CET 2025,POST,http://127.0.0.1:4000/graphql,200,OK,9,613,114
520,Mon Nov 24 21:53:13 CET 2025,Mon Nov 24 21:53:13 CET 2025,POST,http://127.0.0.1:4000/graphql,200,OK,8,613,114
521,Mon Nov 24 21:53:13 CET 2025,Mon Nov 24 21:53:13 CET 2025,POST,http://127.0.0.1:4000/graphql,200,OK,9,613,114
522,Mon Nov 24 21:53:13 CET 2025,Mon Nov 24 21:53:13 CET 2025,POST,http://127.0.0.1:4000/graphql,200,OK,8,613,114
523,Mon Nov 24 21:53:13 CET 2025,Mon Nov 24 21:53:13 CET 2025,POST,http://127.0.0.1:4000/graphql,200,OK,8,613,119
524,Mon Nov 24 21:53:13 CET 2025,Mon Nov 24 21:53:13 CET 2025,POST,http://127.0.0.1:4000/graphql,200,OK,9,613,438
525,Mon Nov 24 21:53:13 CET 2025,Mon Nov 24 21:53:13 CET 2025,POST,http://127.0.0.1:4000/graphql,200,OK,7,613,119
526,Mon Nov 24 21:53:13 CET 2025,Mon Nov 24 21:53:13 CET 2025,POST,http://127.0.0.1:4000/graphql,200,OK,8,613,114
527,Mon Nov 24 21:53:13 CET 2025,Mon Nov 24 21:53:13 CET 2025,POST,http://127.0.0.1:4000/graphql,200,OK,7,613,114
528,Mon Nov 24 21:53:13 CET 2025,Mon Nov 24 21:53:13 CET 2025,POST,http://127.0.0.1:4000/graphql,200,OK,9,613,114
529,Mon Nov 24 21:53:13 CET 2025,Mon Nov 24 21:53:13 CET 2025,POST,http://127.0.0.1:4000/graphql,200,OK,7,613,114
530,Mon Nov 24 21:53:13 CET 2025,Mon Nov 24 21:53:13 CET 2025,POST,http://127.0.0.1:4000/graphql,200,OK,8,613,114
531,Mon Nov 24 21:53:13 CET 2025,Mon Nov 24 21:53:13 CET 2025,POST,http://127.0.0.1:4000/graphql,200,OK,8,613,116
532,Mon Nov 24 21:53:13 CET 2025,Mon Nov 24 21:53:13 CET 2025,POST,http://127.0.0.1:4000/graphql,200,OK,8,613,584
533,Mon Nov 24 21:53:13 CET 2025,Mon Nov 24 21:53:13 CET 2025,POST,http://127.0.0.1:4000/graphql,200,OK,8,613,114
534,Mon Nov 24 21:53:13 CET 2025,Mon Nov 24 21:53:13 CET 2025,POST,http://127.0.0.1:4000/graphql,200,OK,7,613,114
535,Mon Nov 24 21:53:13 CET 2025,Mon Nov 24 21:53:13 CET 2025,POST,http://127.0.0.1:4000/graphql,200,OK,7,613,114
536,Mon Nov 24 21:53:13 CET 2025,Mon Nov 24 21:53:13 CET 2025,POST,http://127.0.0.1:4000/graphql,200,OK,8,613,114
537,Mon Nov 24 21:53:13 CET 2025,Mon Nov 24 21:53:13 CET 2025,POST,http://127.0.0.1:4000/graphql,200,OK,8,613,119
538,Mon Nov 24 21:53:13 CET 2025,Mon Nov 24 21:53:13 CET 2025,POST,http://127.0.0.1:4000/graphql,200,OK,8,613,592
539,Mon Nov 24 21:53:13 CET 2025,Mon Nov 24 21:53:13 CET 2025,POST,http://127.0.0.1:4000/graphql,200,OK,8,613,119
540,Mon Nov 24 21:53:13 CET 2025,Mon Nov 24 21:53:13 CET 2025,POST,http://127.0.0.1:4000/graphql,200,OK,8,613,114
541,Mon Nov 24 21:53:13 CET 2025,Mon Nov 24 21:53:13 CET 2025,POST,http://127.0.0.1:4000/graphql,200,OK,8,613,114
542,Mon Nov 24 21:53:13 CET 2025,Mon Nov 24 21:53:13 CET 2025,POST,http://127.0.0.1:4000/graphql,200,OK,8,613,114
543,Mon Nov 24 21:53:13 CET 2025,Mon Nov 24 21:53:13 CET 2025,POST,http://127.0.0.1:4000/graphql,200,OK,8,613,169
544,Mon Nov 24 21:53:13 CET 2025,Mon Nov 24 21:53:13 CET 2025,POST,http://127.0.0.1:4000/graphql,200,OK,8,613,166
545,Mon Nov 24 21:53:13 CET 2025,Mon Nov 24 21:53:13 CET 2025,POST,http://127.0.0.1:4000/graphql,200,OK,8,613,110
546,Mon Nov 24 21:53:13 CET 2025,Mon Nov 24 21:53:13 CET 2025,POST,http://127.0.0.1:4000/graphql,200,OK,7,613,169
547,Mon Nov 24 21:53:13 CET 2025,Mon Nov 24 21:53:13 CET 2025,POST,http://127.0.0.1:4000/graphql,200,OK,8,612,68
548,Mon Nov 24 21:53:13 CET 2025,Mon Nov 24 21:53:13 CET 2025,POST,http://127.0.0.1:4000/graphql,200,OK,8,613,110
549,Mon Nov 24 21:53:13 CET 2025,Mon Nov 24 21:53:13 CET 2025,POST,http://127.0.0.1:4000/graphql,200,OK,8,613,110
550,Mon Nov 24 21:53:13 CET 2025,Mon Nov 24 21:53:13 CET 2025,POST,http://127.0.0.1:4000/graphql,200,OK,7,613,166
551,Mon Nov 24 21:53:13 CET 2025,Mon Nov 24 21:53:13 CET 2025,POST,http://127.0.0.1:4000/graphql,200,OK,8,613,110
552,Mon Nov 24 21:53:13 CET 2025,Mon Nov 24 21:53:13 CET 2025,POST,http://127.0.0.1:4000/graphql,200,OK,8,613,169
553,Mon Nov 24 21:53:13 CET 2025,Mon Nov 24 21:53:13 CET 2025,POST,http://127.0.0.1:4000/graphql,200,OK,8,612,68
554,Mon Nov 24 21:53:13 CET 2025,Mon Nov 24 21:53:13 CET 2025,POST,http://127.0.0.1:4000/graphql,200,OK,8,613,117
555,Mon Nov 24 21:53:13 CET 2025,Mon Nov 24 21:53:13 CET 2025,POST,http://127.0.0.1:4000/graphql,200,OK,8,613,120
556,Mon Nov 24 21:53:13 CET 2025,Mon Nov 24 21:53:13 CET 2025,POST,http://127.0.0.1:4000/graphql,200,OK,7,613,110
557,Mon Nov 24 21:53:13 CET 2025,Mon Nov 24 21:53:13 CET 2025,POST,http://127.0.0.1:4000/graphql,200,OK,8,613,114
558,Mon Nov 24 21:53:13 CET 2025,Mon Nov 24 21:53:13 CET 2025,POST,http://127.0.0.1:4000/graphql,200,OK,8,613,120
559,Mon Nov 24 21:53:13 CET 2025,Mon Nov 24 21:53:13 CET 2025,POST,http://127.0.0.1:4000/graphql,200,OK,8,613,502
560,Mon Nov 24 21:53:13 CET 2025,Mon Nov 24 21:53:13 CET 2025,POST,http://127.0.0.1:4000/graphql,200,OK,7,613,114
561,Mon Nov 24 21:53:13 CET 2025,Mon Nov 24 21:53:13 CET 2025,POST,http://127.0.0.1:4000/graphql,200,OK,8,613,114
562,Mon Nov 24 21:53:13 CET 2025,Mon Nov 24 21:53:13 CET 2025,POST,http://127.0.0.1:4000/graphql,200,OK,8,613,114
563,Mon Nov 24 21:53:13 CET 2025,Mon Nov 24 21:53:13 CET 2025,POST,http://127.0.0.1:4000/graphql,200,OK,16,613,114
564,Mon Nov 24 21:53:13 CET 2025,Mon Nov 24 21:53:13 CET 2025,POST,http://127.0.0.1:4000/graphql,200,OK,14,613,120
565,Mon Nov 24 21:53:13 CET 2025,Mon Nov 24 21:53:13 CET 2025,POST,http://127.0.0.1:4000/graphql,200,OK,8,613,432
566,Mon Nov 24 21:53:13 CET 2025,Mon Nov 24 21:53:13 CET 2025,POST,http://127.0.0.1:4000/graphql,200,OK,8,613,115
567,Mon Nov 24 21:53:13 CET 2025,Mon Nov 24 21:53:13 CET 2025,POST,http://127.0.0.1:4000/graphql,200,OK,8,613,120
568,Mon Nov 24 21:53:13 CET 2025,Mon Nov 24 21:53:13 CET 2025,POST,http://127.0.0.1:4000/graphql,200,OK,8,613,110
569,Mon Nov 24 21:53:13 CET 2025,Mon Nov 24 21:53:13 CET 2025,POST,http://127.0.0.1:4000/graphql,200,OK,8,613,114
570,Mon Nov 24 21:53:13 CET 2025,Mon Nov 24 21:53:13 CET 2025,POST,http://127.0.0.1:4000/graphql,200,OK,8,613,120
571,Mon Nov 24 21:53:13 CET 2025,Mon Nov 24 21:53:13 CET 2025,POST,http://127.0.0.1:4000/graphql,200,OK,7,613,656
572,Mon Nov 24 21:53:13 CET 2025,Mon Nov 24 21:53:13 CET 2025,POST,http://127.0.0.1:4000/graphql,200,OK,8,613,114
573,Mon Nov 24 21:53:13 CET 2025,Mon Nov 24 21:53:13 CET 2025,POST,http://127.0.0.1:4000/graphql,200,OK,10,613,114
574,Mon Nov 24 21:53:13 CET 2025,Mon Nov 24 21:53:13 CET 2025,POST,http://127.0.0.1:4000/graphql,200,OK,10,613,114
575,Mon Nov 24 21:53:13 CET 2025,Mon Nov 24 21:53:13 CET 2025,POST,http://127.0.0.1:4000/graphql,200,OK,8,613,114
576,Mon Nov 24 21:53:13 CET 2025,Mon Nov 24 21:53:13 CET 2025,POST,http://127.0.0.1:4000/graphql,200,OK,8,613,120
577,Mon Nov 24 21:53:13 CET 2025,Mon Nov 24 21:53:13 CET 2025,POST,http://127.0.0.1:4000/graphql,200,OK,9,613,586
578,Mon Nov 24 21:53:13 CET 2025,Mon Nov 24 21:53:13 CET 2025,POST,http://127.0.0.1:4000/graphql,200,OK,8,613,115
579,Mon Nov 24 21:53:13 CET 2025,Mon Nov 24 21:53:13 CET 2025,POST,http://127.0.0.1:4000/graphql,200,OK,9,613,168
580,Mon Nov 24 21:53:13 CET 2025,Mon Nov 24 21:53:13 CET 2025,POST,http://127.0.0.1:4000/graphql,200,OK,9,613,172
581,Mon Nov 24 21:53:13 CET 2025,Mon Nov 24 21:53:13 CET 2025,POST,http://127.0.0.1:4000/graphql,200,OK,9,613,166
582,Mon Nov 24 21:53:13 CET 2025,Mon Nov 24 21:53:13 CET 2025,POST,http://127.0.0.1:4000/graphql,200,OK,8,613,166
583,Mon Nov 24 21:53:13 CET 2025,Mon Nov 24 21:53:13 CET 2025,POST,http://127.0.0.1:4000/graphql,200,OK,8,613,172
584,Mon Nov 24 21:53:13 CET 2025,Mon Nov 24 21:53:13 CET 2025,POST,http://127.0.0.1:4000/graphql,200,OK,7,613,172
585,Mon Nov 24 21:53:13 CET 2025,Mon Nov 24 21:53:13 CET 2025,POST,http://127.0.0.1:4000/graphql,200,OK,8,613,168
586,Mon Nov 24 21:53:13 CET 2025,Mon Nov 24 21:53:13 CET 2025,POST,http://127.0.0.1:4000/graphql,200,OK,9,613,164
587,Mon Nov 24 21:53:13 CET 2025,Mon Nov 24 21:53:13 CET 2025,POST,http://127.0.0.1:4000/graphql,200,OK,9,613,166
588,Mon Nov 24 21:53:13 CET 2025,Mon Nov 24 21:53:13 CET 2025,POST,http://127.0.0.1:4000/graphql,200,OK,8,613,117
589,Mon Nov 24 21:53:13 CET 2025,Mon Nov 24 21:53:13 CET 2025,POST,http://127.0.0.1:4000/graphql,200,OK,8,613,172
590,Mon Nov 24 21:53:13 CET 2025,Mon Nov 24 21:53:13 CET 2025,POST,http://127.0.0.1:4000/graphql,200,OK,8,613,172
591,Mon Nov 24 21:53:13 CET 2025,Mon Nov 24 21:53:13 CET 2025,POST,http://127.0.0.1:4000/graphql,200,OK,8,613,172
592,Mon Nov 24 21:53:13 CET 2025,Mon Nov 24 21:53:13 CET 2025,POST,http://127.0.0.1:4000/graphql,200,OK,8,613,117
593,Mon Nov 24 21:53:13 CET 2025,Mon Nov 24 21:53:13 CET 2025,POST,http://127.0.0.1:4000/graphql,200,OK,8,613,172
594,Mon Nov 24 21:53:13 CET 2025,Mon Nov 24 21:53:13 CET 2025,POST,http://127.0.0.1:4000/graphql,200,OK,8,613,172
595,Mon Nov 24 21:53:13 CET 2025,Mon Nov 24 21:53:13 CET 2025,POST,http://127.0.0.1:4000/graphql,200,OK,8,613,116
596,Mon Nov 24 21:53:13 CET 2025,Mon Nov 24 21:53:13 CET 2025,POST,http://127.0.0.1:4000/graphql,200,OK,8,613,119
597,Mon Nov 24 21:53:13 CET 2025,Mon Nov 24 21:53:13 CET 2025,POST,http://127.0.0.1:4000/graphql,200,OK,8,613,135
598,Mon Nov 24 21:53:13 CET 2025,Mon Nov 24 21:53:13 CET 2025,POST,http://127.0.0.1:4000/graphql,200,OK,8,613,125
599,Mon Nov 24 21:53:13 CET 2025,Mon Nov 24 21:53:13 CET 2025,POST,http://127.0.0.1:4000/graphql,200,OK,9,613,119
600,Mon Nov 24 21:53:13 CET 2025,Mon Nov 24 21:53:13 CET 2025,POST,http://127.0.0.1:4000/graphql,200,OK,8,613,119
601,Mon Nov 24 21:53:13 CET 2025,Mon Nov 24 21:53:13 CET 2025,POST,http://127.0.0.1:4000/graphql,200,OK,8,613,116
602,Mon Nov 24 21:53:13 CET 2025,Mon Nov 24 21:53:13 CET 2025,POST,http://127.0.0.1:4000/graphql,200,OK,7,613,112
603,Mon Nov 24 21:53:13 CET 2025,Mon Nov 24 21:53:13 CET 2025,POST,http://127.0.0.1:4000/graphql,200,OK,8,613,140
604,Mon Nov 24 21:53:13 CET 2025,Mon Nov 24 21:53:14 CET 2025,POST,http://127.0.0.1:4000/graphql,200,OK,8,613,118
605,Mon Nov 24 21:53:14 CET 2025,Mon Nov 24 21:53:14 CET 2025,POST,http://127.0.0.1:4000/graphql,200,OK,8,613,119
606,Mon Nov 24 21:53:14 CET 2025,Mon Nov 24 21:53:14 CET 2025,POST,http://127.0.0.1:4000/graphql,200,OK,8,613,119
607,Mon Nov 24 21:53:14 CET 2025,Mon Nov 24 21:53:14 CET 2025,POST,http://127.0.0.1:4000/graphql,200,OK,8,613,119
608,Mon Nov 24 21:53:14 CET 2025,Mon Nov 24 21:53:14 CET 2025,POST,http://127.0.0.1:4000/graphql,200,OK,8,613,118
609,Mon Nov 24 21:53:14 CET 2025,Mon Nov 24 21:53:14 CET 2025,POST,http://127.0.0.1:4000/graphql,200,OK,8,613,119
610,Mon Nov 24 21:53:14 CET 2025,Mon Nov 24 21:53:14 CET 2025,POST,http://127.0.0.1:4000/graphql,200,OK,8,613,119
611,Mon Nov 24 21:53:14 CET 2025,Mon Nov 24 21:53:14 CET 2025,POST,http://127.0.0.1:4000/graphql,200,OK,8,613,116
612,Mon Nov 24 21:53:14 CET 2025,Mon Nov 24 21:53:14 CET 2025,POST,http://127.0.0.1:4000/graphql,200,OK,8,613,119
613,Mon Nov 24 21:53:14 CET 2025,Mon Nov 24 21:53:14 CET 2025,POST,http://127.0.0.1:4000/graphql,200,OK,8,613,135
614,Mon Nov 24 21:53:14 CET 2025,Mon Nov 24 21:53:14 CET 2025,POST,http://127.0.0.1:4000/graphql,200,OK,8,613,125
615,Mon Nov 24 21:53:14 CET 2025,Mon Nov 24 21:53:14 CET 2025,POST,http://127.0.0.1:4000/graphql,200,OK,8,613,119
616,Mon Nov 24 21:53:14 CET 2025,Mon Nov 24 21:53:14 CET 2025,POST,http://127.0.0.1:4000/graphql,200,OK,8,613,119
617,Mon Nov 24 21:53:14 CET 2025,Mon Nov 24 21:53:14 CET 2025,POST,http://127.0.0.1:4000/graphql,200,OK,8,613,116
618,Mon Nov 24 21:53:14 CET 2025,Mon Nov 24 21:53:14 CET 2025,POST,http://127.0.0.1:4000/graphql,200,OK,8,613,112
619,Mon Nov 24 21:53:14 CET 2025,Mon Nov 24 21:53:14 CET 2025,POST,http://127.0.0.1:4000/graphql,200,OK,9,613,140
620,Mon Nov 24 21:53:14 CET 2025,Mon Nov 24 21:53:14 CET 2025,POST,http://127.0.0.1:4000/graphql,200,OK,7,613,118
621,Mon Nov 24 21:53:14 CET 2025,Mon Nov 24 21:53:14 CET 2025,POST,http://127.0.0.1:4000/graphql,200,OK,8,613,119
622,Mon Nov 24 21:53:14 CET 2025,Mon Nov 24 21:53:14 CET 2025,POST,http://127.0.0.1:4000/graphql,200,OK,8,613,119
623,Mon Nov 24 21:53:14 CET 2025,Mon Nov 24 21:53:14 CET 2025,POST,http://127.0.0.1:4000/graphql,200,OK,7,613,119
624,Mon Nov 24 21:53:14 CET 2025,Mon Nov 24 21:53:14 CET 2025,POST,http://127.0.0.1:4000/graphql,200,OK,8,613,118
625,Mon Nov 24 21:53:14 CET 2025,Mon Nov 24 21:53:14 CET 2025,POST,http://127.0.0.1:4000/graphql,200,OK,7,613,119
626,Mon Nov 24 21:53:14 CET 2025,Mon Nov 24 21:53:14 CET 2025,POST,http://127.0.0.1:4000/graphql,200,OK,7,613,119
627,Mon Nov 24 21:53:14 CET 2025,Mon Nov 24 21:53:14 CET 2025,POST,http://127.0.0.1:4000/graphql/,200,OK,10,612,79
628,Mon Nov 24 21:53:14 CET 2025,Mon Nov 24 21:53:14 CET 2025,POST,http://127.0.0.1:4000/graphql,200,OK,8,614,2267
629,Mon Nov 24 21:53:14 CET 2025,Mon Nov 24 21:53:14 CET 2025,POST,http://127.0.0.1:4000/graphql,200,OK,8,614,2434
630,Mon Nov 24 21:53:14 CET 2025,Mon Nov 24 21:53:14 CET 2025,POST,http://127.0.0.1:4000/graphql,200,OK,9,614,2426
631,Mon Nov 24 21:53:14 CET 2025,Mon Nov 24 21:53:14 CET 2025,POST,http://127.0.0.1:4000/graphql,200,OK,9,613,170
632,Mon Nov 24 21:53:14 CET 2025,Mon Nov 24 21:53:14 CET 2025,POST,http://127.0.0.1:4000/graphql,200,OK,9,613,170
633,Mon Nov 24 21:53:14 CET 2025,Mon Nov 24 21:53:14 CET 2025,POST,http://127.0.0.1:4000/graphql,200,OK,8,613,170
634,Mon Nov 24 21:53:14 CET 2025,Mon Nov 24 21:53:14 CET 2025,POST,http://127.0.0.1:4000/graphql,200,OK,9,613,337
635,Mon Nov 24 21:53:14 CET 2025,Mon Nov 24 21:53:14 CET 2025,POST,http://127.0.0.1:4000/graphql,200,OK,8,613,119
636,Mon Nov 24 21:53:14 CET 2025,Mon Nov 24 21:53:14 CET 2025,POST,http://127.0.0.1:4000/graphql,200,OK,7,613,120
637,Mon Nov 24 21:53:14 CET 2025,Mon Nov 24 21:53:14 CET 2025,POST,http://127.0.0.1:4000/graphql,200,OK,9,613,329
638,Mon Nov 24 21:53:14 CET 2025,Mon Nov 24 21:53:14 CET 2025,POST,http://127.0.0.1:4000/graphql,200,OK,7,613,119
639,Mon Nov 24 21:53:14 CET 2025,Mon Nov 24 21:53:14 CET 2025,POST,http://127.0.0.1:4000/graphql,200,OK,8,613,120
640,Mon Nov 24 21:53:14 CET 2025,Mon Nov 24 21:53:14 CET 2025,POST,http://127.0.0.1:4000/graphql,200,OK,8,613,170
641,Mon Nov 24 21:53:14 CET 2025,Mon Nov 24 21:53:14 CET 2025,POST,http://127.0.0.1:4000/graphql,200,OK,9,613,170
642,Mon Nov 24 21:53:14 CET 2025,Mon Nov 24 21:53:14 CET 2025,POST,http://127.0.0.1:4000/graphql,200,OK,8,613,170
643,Mon Nov 24 21:53:14 CET 2025,Mon Nov 24 21:53:14 CET 2025,POST,http://127.0.0.1:4000/graphql,200,OK,8,613,170
644,Mon Nov 24 21:53:14 CET 2025,Mon Nov 24 21:53:14 CET 2025,POST,http://127.0.0.1:4000/graphql,200,OK,8,613,170
645,Mon Nov 24 21:53:14 CET 2025,Mon Nov 24 21:53:14 CET 2025,POST,http://127.0.0.1:4000/graphql,200,OK,7,613,170
646,Mon Nov 24 21:53:14 CET 2025,Mon Nov 24 21:53:14 CET 2025,POST,http://127.0.0.1:4000/graphql,200,OK,8,613,170
647,Mon Nov 24 21:53:14 CET 2025,Mon Nov 24 21:53:14 CET 2025,POST,http://127.0.0.1:4000/graphql,200,OK,7,613,123
648,Mon Nov 24 21:53:14 CET 2025,Mon Nov 24 21:53:14 CET 2025,POST,http://127.0.0.1:4000/graphql,200,OK,8,613,121
649,Mon Nov 24 21:53:14 CET 2025,Mon Nov 24 21:53:14 CET 2025,POST,http://127.0.0.1:4000/graphql,200,OK,8,613,119
650,Mon Nov 24 21:53:14 CET 2025,Mon Nov 24 21:53:14 CET 2025,POST,http://127.0.0.1:4000/graphql,200,OK,7,613,121
651,Mon Nov 24 21:53:14 CET 2025,Mon Nov 24 21:53:14 CET 2025,POST,http://127.0.0.1:4000/graphql,200,OK,8,613,119
652,Mon Nov 24 21:53:14 CET 2025,Mon Nov 24 21:53:14 CET 2025,POST,http://127.0.0.1:4000/graphql,200,OK,7,613,121
653,Mon Nov 24 21:53:14 CET 2025,Mon Nov 24 21:53:14 CET 2025,POST,http://127.0.0.1:4000/graphql,200,OK,8,613,119
654,Mon Nov 24 21:53:14 CET 2025,Mon Nov 24 21:53:14 CET 2025,POST,http://127.0.0.1:4000/graphql,200,OK,8,613,123
655,Mon Nov 24 21:53:14 CET 2025,Mon Nov 24 21:53:14 CET 2025,POST,http://127.0.0.1:4000/graphql,200,OK,8,613,121
656,Mon Nov 24 21:53:14 CET 2025,Mon Nov 24 21:53:14 CET 2025,POST,http://127.0.0.1:4000/graphql,200,OK,7,613,119
657,Mon Nov 24 21:53:14 CET 2025,Mon Nov 24 21:53:14 CET 2025,POST,http://127.0.0.1:4000/graphql,200,OK,8,613,121
658,Mon Nov 24 21:53:14 CET 2025,Mon Nov 24 21:53:14 CET 2025,POST,http://127.0.0.1:4000/graphql,200,OK,8,613,119
659,Mon Nov 24 21:53:14 CET 2025,Mon Nov 24 21:53:14 CET 2025,POST,http://127.0.0.1:4000/graphql,200,OK,8,613,121
660,Mon Nov 24 21:53:14 CET 2025,Mon Nov 24 21:53:14 CET 2025,POST,http://127.0.0.1:4000/graphql,200,OK,8,613,119
661,Mon Nov 24 21:53:14 CET 2025,Mon Nov 24 21:53:14 CET 2025,POST,http://127.0.0.1:4000/graphql,200,OK,10,612,79
662,Mon Nov 24 21:53:14 CET 2025,Mon Nov 24 21:53:14 CET 2025,POST,http://127.0.0.1:4000/graphql,200,OK,8,613,165
663,Mon Nov 24 21:53:14 CET 2025,Mon Nov 24 21:53:14 CET 2025,POST,http://127.0.0.1:4000/graphql,200,OK,8,612,68
664,Mon Nov 24 21:53:14 CET 2025,Mon Nov 24 21:53:14 CET 2025,POST,http://127.0.0.1:4000/graphql,200,OK,8,613,166
665,Mon Nov 24 21:53:14 CET 2025,Mon Nov 24 21:53:14 CET 2025,POST,http://127.0.0.1:4000/graphql,200,OK,8,613,169
666,Mon Nov 24 21:53:14 CET 2025,Mon Nov 24 21:53:14 CET 2025,POST,http://127.0.0.1:4000/graphql,200,OK,8,613,169
667,Mon Nov 24 21:53:14 CET 2025,Mon Nov 24 21:53:14 CET 2025,POST,http://127.0.0.1:4000/graphql,200,OK,7,613,162
668,Mon Nov 24 21:53:14 CET 2025,Mon Nov 24 21:53:14 CET 2025,POST,http://127.0.0.1:4000/graphql,200,OK,10,612,79
669,Mon Nov 24 21:53:14 CET 2025,Mon Nov 24 21:53:14 CET 2025,POST,http://127.0.0.1:4000/graphql,200,OK,10,612,79
670,Mon Nov 24 21:53:14 CET 2025,Mon Nov 24 21:53:14 CET 2025,POST,http://127.0.0.1:4000/graphql,200,OK,8,613,115
671,Mon Nov 24 21:53:14 CET 2025,Mon Nov 24 21:53:14 CET 2025,POST,http://127.0.0.1:4000/graphql,200,OK,8,613,117
672,Mon Nov 24 21:53:14 CET 2025,Mon Nov 24 21:53:14 CET 2025,POST,http://127.0.0.1:4000/graphql,200,OK,8,613,120
673,Mon Nov 24 21:53:14 CET 2025,Mon Nov 24 21:53:14 CET 2025,POST,http://127.0.0.1:4000/graphql,200,OK,8,613,120
674,Mon Nov 24 21:53:14 CET 2025,Mon Nov 24 21:53:14 CET 2025,POST,http://127.0.0.1:4000/graphql,200,OK,7,613,113
675,Mon Nov 24 21:53:14 CET 2025,Mon Nov 24 21:53:14 CET 2025,POST,http://127.0.0.1:4000/graphql,200,OK,9,612,79
676,Mon Nov 24 21:53:14 CET 2025,Mon Nov 24 21:53:14 CET 2025,POST,http://127.0.0.1:4000/graphql,200,OK,9,612,79
677,Mon Nov 24 21:53:14 CET 2025,Mon Nov 24 21:53:14 CET 2025,POST,http://127.0.0.1:4000/graphql,200,OK,7,613,115
678,Mon Nov 24 21:53:14 CET 2025,Mon Nov 24 21:53:14 CET 2025,POST,http://127.0.0.1:4000/graphql,200,OK,8,613,117
679,Mon Nov 24 21:53:14 CET 2025,Mon Nov 24 21:53:14 CET 2025,POST,http://127.0.0.1:4000/graphql,200,OK,8,613,120
680,Mon Nov 24 21:53:14 CET 2025,Mon Nov 24 21:53:14 CET 2025,POST,http://127.0.0.1:4000/graphql,200,OK,8,613,120
681,Mon Nov 24 21:53:14 CET 2025,Mon Nov 24 21:53:14 CET 2025,POST,http://127.0.0.1:4000/graphql,200,OK,8,613,113
682,Mon Nov 24 21:53:14 CET 2025,Mon Nov 24 21:53:14 CET 2025,GET,http://127.0.0.1:4000/elmah.axd,404,Not Found,15,185,6676
683,Mon Nov 24 21:53:14 CET 2025,Mon Nov 24 21:53:14 CET 2025,GET,http://127.0.0.1:4000/trace.axd,404,Not Found,17,185,6676
684,Mon Nov 24 21:53:14 CET 2025,Mon Nov 24 21:53:14 CET 2025,GET,http://127.0.0.1:4000/.htaccess,404,Not Found,8,185,6676
685,Mon Nov 24 21:53:14 CET 2025,Mon Nov 24 21:53:14 CET 2025,GET,http://127.0.0.1:4000/.env,404,Not Found,7,185,6671
686,Mon Nov 24 21:53:14 CET 2025,Mon Nov 24 21:53:14 CET 2025,GET,http://127.0.0.1:4000/zap1148164680223684554,404,Not Found,24,185,6689
687,Mon Nov 24 21:53:14 CET 2025,Mon Nov 24 21:53:14 CET 2025,GET,http://127.0.0.1:4000/actuator/health,404,Not Found,27,185,6682
688,Mon Nov 24 21:53:14 CET 2025,Mon Nov 24 21:53:14 CET 2025,POST,http://127.0.0.1:4000/graphql,200,OK,29,613,169
689,Mon Nov 24 21:53:14 CET 2025,Mon Nov 24 21:53:14 CET 2025,GET,http://127.0.0.1:4000/actuator/health,404,Not Found,26,185,6682
690,Mon Nov 24 21:53:14 CET 2025,Mon Nov 24 21:53:14 CET 2025,GET,http://127.0.0.1:4000/.zap4293742362528822442,404,Not Found,31,185,6690
691,Mon Nov 24 21:53:14 CET 2025,Mon Nov 24 21:53:14 CET 2025,POST,http://127.0.0.1:4000/graphql,200,OK,27,613,169
692,Mon Nov 24 21:53:14 CET 2025,Mon Nov 24 21:53:14 CET 2025,GET,http://127.0.0.1:4000/lfm.php,404,Not Found,15,185,6674
693,Mon Nov 24 21:53:14 CET 2025,Mon Nov 24 21:53:14 CET 2025,POST,http://127.0.0.1:4000/graphql,200,OK,16,613,173
694,Mon Nov 24 21:53:14 CET 2025,Mon Nov 24 21:53:14 CET 2025,GET,http://127.0.0.1:4000/.idea/WebServers.xml,404,Not Found,16,185,6687
695,Mon Nov 24 21:53:14 CET 2025,Mon Nov 24 21:53:14 CET 2025,POST,http://127.0.0.1:4000/graphql,200,OK,17,613,175
696,Mon Nov 24 21:53:14 CET 2025,Mon Nov 24 21:53:14 CET 2025,GET,http://127.0.0.1:4000/config/databases.yml,404,Not Found,16,185,6687
697,Mon Nov 24 21:53:14 CET 2025,Mon Nov 24 21:53:14 CET 2025,POST,http://127.0.0.1:4000/graphql,200,OK,16,613,169
698,Mon Nov 24 21:53:14 CET 2025,Mon Nov 24 21:53:14 CET 2025,GET,http://127.0.0.1:4000/config/database.yml,404,Not Found,16,185,6686
699,Mon Nov 24 21:53:14 CET 2025,Mon Nov 24 21:53:14 CET 2025,POST,http://127.0.0.1:4000/graphql,200,OK,16,613,169
700,Mon Nov 24 21:53:14 CET 2025,Mon Nov 24 21:53:14 CET 2025,GET,http://127.0.0.1:4000/.git/config,404,Not Found,17,185,6678
701,Mon Nov 24 21:53:14 CET 2025,Mon Nov 24 21:53:14 CET 2025,POST,http://127.0.0.1:4000/graphql,200,OK,17,613,169
702,Mon Nov 24 21:53:14 CET 2025,Mon Nov 24 21:53:14 CET 2025,GET,http://127.0.0.1:4000/.svn/entries,404,Not Found,15,185,6679
703,Mon Nov 24 21:53:14 CET 2025,Mon Nov 24 21:53:14 CET 2025,POST,http://127.0.0.1:4000/graphql,200,OK,17,613,169
704,Mon Nov 24 21:53:14 CET 2025,Mon Nov 24 21:53:14 CET 2025,GET,http://127.0.0.1:4000/.svn/wc.db,404,Not Found,15,185,6677
705,Mon Nov 24 21:53:14 CET 2025,Mon Nov 24 21:53:14 CET 2025,POST,http://127.0.0.1:4000/graphql,200,OK,19,613,120
706,Mon Nov 24 21:53:14 CET 2025,Mon Nov 24 21:53:14 CET 2025,GET,http://127.0.0.1:4000/CVS/root,404,Not Found,14,185,6675
707,Mon Nov 24 21:53:14 CET 2025,Mon Nov 24 21:53:14 CET 2025,GET,http://127.0.0.1:4000/server-status,404,Not Found,13,185,6680
708,Mon Nov 24 21:53:14 CET 2025,Mon Nov 24 21:53:14 CET 2025,POST,http://127.0.0.1:4000/graphql,200,OK,17,613,120
709,Mon Nov 24 21:53:14 CET 2025,Mon Nov 24 21:53:14 CET 2025,GET,http://127.0.0.1:4000/core,404,Not Found,15,185,6671
710,Mon Nov 24 21:53:14 CET 2025,Mon Nov 24 21:53:14 CET 2025,POST,http://127.0.0.1:4000/graphql,200,OK,15,613,125
711,Mon Nov 24 21:53:14 CET 2025,Mon Nov 24 21:53:14 CET 2025,GET,http://127.0.0.1:4000/sftp-config.json,404,Not Found,14,185,6683
712,Mon Nov 24 21:53:14 CET 2025,Mon Nov 24 21:53:14 CET 2025,POST,http://127.0.0.1:4000/graphql,200,OK,18,613,125
713,Mon Nov 24 21:53:14 CET 2025,Mon Nov 24 21:53:14 CET 2025,GET,http://127.0.0.1:4000/WS_FTP.ini,404,Not Found,11,185,6677
714,Mon Nov 24 21:53:14 CET 2025,Mon Nov 24 21:53:14 CET 2025,GET,http://127.0.0.1:4000/ws_ftp.ini,404,Not Found,7,185,6677
715,Mon Nov 24 21:53:14 CET 2025,Mon Nov 24 21:53:14 CET 2025,GET,http://127.0.0.1:4000/WS_FTP.INI,404,Not Found,9,185,6677
716,Mon Nov 24 21:53:14 CET 2025,Mon Nov 24 21:53:14 CET 2025,GET,http://127.0.0.1:4000/filezilla.xml,404,Not Found,7,185,6680
717,Mon Nov 24 21:53:14 CET 2025,Mon Nov 24 21:53:14 CET 2025,GET,http://127.0.0.1:4000/sitemanager.xml,404,Not Found,7,185,6682
718,Mon Nov 24 21:53:14 CET 2025,Mon Nov 24 21:53:14 CET 2025,GET,http://127.0.0.1:4000/FileZilla.xml,404,Not Found,7,185,6680
719,Mon Nov 24 21:53:14 CET 2025,Mon Nov 24 21:53:15 CET 2025,GET,http://127.0.0.1:4000/winscp.ini,404,Not Found,7,185,6677
720,Mon Nov 24 21:53:15 CET 2025,Mon Nov 24 21:53:15 CET 2025,GET,http://127.0.0.1:4000/WinSCP.ini,404,Not Found,7,185,6677
721,Mon Nov 24 21:53:15 CET 2025,Mon Nov 24 21:53:15 CET 2025,GET,http://127.0.0.1:4000/.DS_Store,404,Not Found,7,185,6676
722,Mon Nov 24 21:53:15 CET 2025,Mon Nov 24 21:53:15 CET 2025,GET,http://127.0.0.1:4000/.php_cs.cache,404,Not Found,8,185,6680
723,Mon Nov 24 21:53:15 CET 2025,Mon Nov 24 21:53:15 CET 2025,GET,http://127.0.0.1:4000/DEADJOE,404,Not Found,7,185,6674
724,Mon Nov 24 21:53:15 CET 2025,Mon Nov 24 21:53:15 CET 2025,GET,http://127.0.0.1:4000/sites/default/private/files/backup_migrate/scheduled/test.txt,404,Not Found,7,185,6728
725,Mon Nov 24 21:53:15 CET 2025,Mon Nov 24 21:53:15 CET 2025,GET,http://127.0.0.1:4000/app/etc/local.xml,404,Not Found,8,185,6684
726,Mon Nov 24 21:53:15 CET 2025,Mon Nov 24 21:53:15 CET 2025,GET,http://127.0.0.1:4000/server.key,404,Not Found,8,185,6677
727,Mon Nov 24 21:53:15 CET 2025,Mon Nov 24 21:53:15 CET 2025,GET,http://127.0.0.1:4000/privatekey.key,404,Not Found,8,185,6681
728,Mon Nov 24 21:53:15 CET 2025,Mon Nov 24 21:53:15 CET 2025,GET,http://127.0.0.1:4000/myserver.key,404,Not Found,8,185,6679
729,Mon Nov 24 21:53:15 CET 2025,Mon Nov 24 21:53:15 CET 2025,GET,http://127.0.0.1:4000/key.pem,404,Not Found,8,185,6674
730,Mon Nov 24 21:53:15 CET 2025,Mon Nov 24 21:53:15 CET 2025,GET,http://127.0.0.1:4000/id_rsa,404,Not Found,8,185,6673
731,Mon Nov 24 21:53:15 CET 2025,Mon Nov 24 21:53:15 CET 2025,GET,http://127.0.0.1:4000/id_dsa,404,Not Found,7,185,6673
732,Mon Nov 24 21:53:15 CET 2025,Mon Nov 24 21:53:15 CET 2025,GET,http://127.0.0.1:4000/.ssh/id_rsa,404,Not Found,8,185,6678
733,Mon Nov 24 21:53:15 CET 2025,Mon Nov 24 21:53:15 CET 2025,GET,http://127.0.0.1:4000/.ssh/id_dsa,404,Not Found,7,185,6678
734,Mon Nov 24 21:53:15 CET 2025,Mon Nov 24 21:53:15 CET 2025,GET,http://127.0.0.1:4000/adminer.php,404,Not Found,8,185,6678
735,Mon Nov 24 21:53:15 CET 2025,Mon Nov 24 21:53:15 CET 2025,GET,http://127.0.0.1:4000/vb_test.php,404,Not Found,7,185,6678
736,Mon Nov 24 21:53:15 CET 2025,Mon Nov 24 21:53:15 CET 2025,GET,http://127.0.0.1:4000/CHANGELOG.txt,404,Not Found,8,185,6680
737,Mon Nov 24 21:53:15 CET 2025,Mon Nov 24 21:53:15 CET 2025,GET,http://127.0.0.1:4000/sites/default/files/.ht.sqlite,404,Not Found,8,185,6697
738,Mon Nov 24 21:53:15 CET 2025,Mon Nov 24 21:53:15 CET 2025,GET,http://127.0.0.1:4000/composer.json,404,Not Found,8,185,6680
739,Mon Nov 24 21:53:15 CET 2025,Mon Nov 24 21:53:15 CET 2025,GET,http://127.0.0.1:4000/composer.lock,404,Not Found,7,185,6680
740,Mon Nov 24 21:53:15 CET 2025,Mon Nov 24 21:53:15 CET 2025,GET,http://127.0.0.1:4000/vim_settings.xml,404,Not Found,7,185,6683
741,Mon Nov 24 21:53:15 CET 2025,Mon Nov 24 21:53:15 CET 2025,GET,http://127.0.0.1:4000/server-info,404,Not Found,7,185,6678
742,Mon Nov 24 21:53:15 CET 2025,Mon Nov 24 21:53:15 CET 2025,GET,http://127.0.0.1:4000/phpinfo.php,404,Not Found,7,185,6678
743,Mon Nov 24 21:53:15 CET 2025,Mon Nov 24 21:53:15 CET 2025,GET,http://127.0.0.1:4000/info.php,404,Not Found,7,185,6675
744,Mon Nov 24 21:53:15 CET 2025,Mon Nov 24 21:53:15 CET 2025,GET,http://127.0.0.1:4000/i.php,404,Not Found,8,185,6672
745,Mon Nov 24 21:53:15 CET 2025,Mon Nov 24 21:53:15 CET 2025,GET,http://127.0.0.1:4000/test.php,404,Not Found,7,185,6675
746,Mon Nov 24 21:53:15 CET 2025,Mon Nov 24 21:53:15 CET 2025,GET,http://127.0.0.1:4000/_wpeprivate/config.json,404,Not Found,7,185,6690
747,Mon Nov 24 21:53:15 CET 2025,Mon Nov 24 21:53:15 CET 2025,GET,http://127.0.0.1:4000/_framework/blazor.boot.json,404,Not Found,7,185,6694
748,Mon Nov 24 21:53:15 CET 2025,Mon Nov 24 21:53:15 CET 2025,GET,http://127.0.0.1:4000/.hg,404,Not Found,7,185,6670
749,Mon Nov 24 21:53:15 CET 2025,Mon Nov 24 21:53:15 CET 2025,GET,http://127.0.0.1:4000/.bzr,404,Not Found,7,185,6671
750,Mon Nov 24 21:53:15 CET 2025,Mon Nov 24 21:53:15 CET 2025,GET,http://127.0.0.1:4000/._darcs,404,Not Found,13,185,6674
751,Mon Nov 24 21:53:15 CET 2025,Mon Nov 24 21:53:15 CET 2025,GET,http://127.0.0.1:4000/BitKeeper,404,Not Found,16,185,6676
752,Mon Nov 24 21:53:15 CET 2025,Mon Nov 24 21:53:15 CET 2025,POST,http://127.0.0.1:4000/graphql,200,OK,13,612,79
753,Mon Nov 24 21:53:15 CET 2025,Mon Nov 24 21:53:15 CET 2025,POST,http://127.0.0.1:4000/graphql,200,OK,10,612,79
754,Mon Nov 24 21:53:15 CET 2025,Mon Nov 24 21:53:15 CET 2025,POST,http://127.0.0.1:4000/graphql,200,OK,9,612,79
755,Mon Nov 24 21:53:15 CET 2025,Mon Nov 24 21:53:15 CET 2025,POST,http://127.0.0.1:4000/graphql,200,OK,9,612,79
756,Mon Nov 24 21:53:15 CET 2025,Mon Nov 24 21:53:15 CET 2025,POST,http://127.0.0.1:4000/graphql,200,OK,9,612,79
757,Mon Nov 24 21:53:15 CET 2025,Mon Nov 24 21:53:15 CET 2025,POST,http://127.0.0.1:4000/graphql,200,OK,10,612,79
758,Mon Nov 24 21:53:15 CET 2025,Mon Nov 24 21:53:15 CET 2025,POST,http://127.0.0.1:4000/graphql,200,OK,9,612,79
759,Mon Nov 24 21:53:15 CET 2025,Mon Nov 24 21:53:15 CET 2025,POST,http://127.0.0.1:4000/graphql,200,OK,9,612,79
760,Mon Nov 24 21:53:15 CET 2025,Mon Nov 24 21:53:15 CET 2025,POST,http://127.0.0.1:4000/graphql,200,OK,9,612,79
761,Mon Nov 24 21:53:15 CET 2025,Mon Nov 24 21:53:15 CET 2025,POST,http://127.0.0.1:4000/graphql,200,OK,9,612,79
762,Mon Nov 24 21:53:15 CET 2025,Mon Nov 24 21:53:15 CET 2025,POST,http://127.0.0.1:4000/graphql,200,OK,9,612,79
763,Mon Nov 24 21:53:15 CET 2025,Mon Nov 24 21:53:15 CET 2025,POST,http://127.0.0.1:4000/graphql,200,OK,9,612,79
